"id","date","vaccines","tests","confirmed","recovered","deaths","hosp","vent","icu","population","school_closing","workplace_closing","cancel_events","gatherings_restrictions","transport_closing","stay_home_restrictions","internal_movement_restrictions","international_movement_restrictions","information_campaigns","testing_policy","contact_tracing","stringency_index","iso_alpha_3","iso_alpha_2","iso_numeric","currency","administrative_area_level","administrative_area_level_1","administrative_area_level_2","administrative_area_level_3","latitude","longitude","key","key_apple_mobility","key_google_mobility"
"DNK",2020-01-22,NA,NA,NA,NA,NA,NA,NA,NA,5793636,0,0,0,0,0,0,0,0,0,0,0,0,"DNK","DK",208,"DKK",1,"Denmark",NA,NA,56.26,9.5,NA,"Denmark","DK"
"DNK",2020-01-23,NA,NA,NA,NA,NA,NA,NA,NA,5793636,0,0,0,0,0,0,0,0,0,0,0,0,"DNK","DK",208,"DKK",1,"Denmark",NA,NA,56.26,9.5,NA,"Denmark","DK"
"DNK",2020-01-24,NA,NA,NA,NA,NA,NA,NA,NA,5793636,0,0,0,0,0,0,0,0,0,0,0,0,"DNK","DK",208,"DKK",1,"Denmark",NA,NA,56.26,9.5,NA,"Denmark","DK"
"DNK",2020-01-25,NA,NA,NA,NA,NA,NA,NA,NA,5793636,0,0,0,0,0,0,0,0,0,0,0,0,"DNK","DK",208,"DKK",1,"Denmark",NA,NA,56.26,9.5,NA,"Denmark","DK"
"DNK",2020-01-26,NA,NA,NA,NA,NA,NA,NA,NA,5793636,0,0,0,0,0,0,0,0,0,0,0,0,"DNK","DK",208,"DKK",1,"Denmark",NA,NA,56.26,9.5,NA,"Denmark","DK"
"DNK",2020-01-27,NA,NA,NA,NA,NA,NA,NA,NA,5793636,0,0,0,0,0,0,0,0,0,0,0,0,"DNK","DK",208,"DKK",1,"Denmark",NA,NA,56.26,9.5,NA,"Denmark","DK"
"DNK",2020-01-28,NA,NA,NA,NA,NA,NA,NA,NA,5793636,0,0,0,0,0,0,0,0,0,0,0,0,"DNK","DK",208,"DKK",1,"Denmark",NA,NA,56.26,9.5,NA,"Denmark","DK"
"DNK",2020-01-29,NA,NA,NA,NA,NA,NA,NA,NA,5793636,0,0,0,0,0,0,0,0,0,0,0,0,"DNK","DK",208,"DKK",1,"Denmark",NA,NA,56.26,9.5,NA,"Denmark","DK"
"DNK",2020-01-30,NA,NA,NA,NA,NA,NA,NA,NA,5793636,0,0,0,0,0,0,0,0,0,0,0,0,"DNK","DK",208,"DKK",1,"Denmark",NA,NA,56.26,9.5,NA,"Denmark","DK"
"DNK",2020-01-31,NA,NA,NA,NA,NA,NA,NA,NA,5793636,0,0,0,0,0,0,0,0,0,0,0,0,"DNK","DK",208,"DKK",1,"Denmark",NA,NA,56.26,9.5,NA,"Denmark","DK"
"DNK",2020-02-01,NA,NA,NA,NA,NA,NA,NA,NA,5793636,0,0,0,0,0,0,0,0,0,0,0,0,"DNK","DK",208,"DKK",1,"Denmark",NA,NA,56.26,9.5,NA,"Denmark","DK"
"DNK",2020-02-02,NA,1,NA,NA,NA,NA,NA,NA,5793636,0,0,0,0,0,0,0,0,0,0,0,0,"DNK","DK",208,"DKK",1,"Denmark",NA,NA,56.26,9.5,NA,"Denmark","DK"
"DNK",2020-02-03,NA,NA,NA,NA,NA,NA,NA,NA,5793636,0,0,0,0,0,0,0,0,0,0,0,0,"DNK","DK",208,"DKK",1,"Denmark",NA,NA,56.26,9.5,NA,"Denmark","DK"
"DNK",2020-02-04,NA,NA,NA,NA,NA,NA,NA,NA,5793636,0,0,0,0,0,0,0,0,0,0,0,0,"DNK","DK",208,"DKK",1,"Denmark",NA,NA,56.26,9.5,NA,"Denmark","DK"
"DNK",2020-02-05,NA,NA,NA,NA,NA,NA,NA,NA,5793636,0,0,0,0,0,0,0,0,0,0,0,0,"DNK","DK",208,"DKK",1,"Denmark",NA,NA,56.26,9.5,NA,"Denmark","DK"
"DNK",2020-02-06,NA,NA,NA,NA,NA,NA,NA,NA,5793636,0,0,0,0,0,0,0,0,0,0,0,0,"DNK","DK",208,"DKK",1,"Denmark",NA,NA,56.26,9.5,NA,"Denmark","DK"
"DNK",2020-02-07,NA,NA,NA,NA,NA,NA,NA,NA,5793636,0,0,0,0,0,0,0,0,0,0,0,0,"DNK","DK",208,"DKK",1,"Denmark",NA,NA,56.26,9.5,NA,"Denmark","DK"
"DNK",2020-02-08,NA,NA,NA,NA,NA,NA,NA,NA,5793636,0,0,0,0,0,0,0,0,0,0,0,0,"DNK","DK",208,"DKK",1,"Denmark",NA,NA,56.26,9.5,NA,"Denmark","DK"
"DNK",2020-02-09,NA,NA,NA,NA,NA,NA,NA,NA,5793636,0,0,0,0,0,0,0,0,0,0,0,0,"DNK","DK",208,"DKK",1,"Denmark",NA,NA,56.26,9.5,NA,"Denmark","DK"
"DNK",2020-02-10,NA,NA,NA,NA,NA,NA,NA,NA,5793636,0,0,0,0,0,0,0,0,0,0,0,0,"DNK","DK",208,"DKK",1,"Denmark",NA,NA,56.26,9.5,NA,"Denmark","DK"
"DNK",2020-02-11,NA,NA,NA,NA,NA,NA,NA,NA,5793636,0,0,0,0,0,0,0,0,0,0,0,0,"DNK","DK",208,"DKK",1,"Denmark",NA,NA,56.26,9.5,NA,"Denmark","DK"
"DNK",2020-02-12,NA,NA,NA,NA,NA,NA,NA,NA,5793636,0,0,0,0,0,0,0,0,0,0,0,0,"DNK","DK",208,"DKK",1,"Denmark",NA,NA,56.26,9.5,NA,"Denmark","DK"
"DNK",2020-02-13,NA,2,NA,NA,NA,NA,NA,NA,5793636,0,0,0,0,0,0,0,0,0,0,0,0,"DNK","DK",208,"DKK",1,"Denmark",NA,NA,56.26,9.5,NA,"Denmark","DK"
"DNK",2020-02-14,NA,NA,NA,NA,NA,NA,NA,NA,5793636,0,0,0,0,0,0,0,0,0,0,0,0,"DNK","DK",208,"DKK",1,"Denmark",NA,NA,56.26,9.5,NA,"Denmark","DK"
"DNK",2020-02-15,NA,NA,NA,NA,NA,NA,NA,NA,5793636,0,0,0,0,0,0,0,0,0,0,0,0,"DNK","DK",208,"DKK",1,"Denmark",NA,NA,56.26,9.5,NA,"Denmark","DK"
"DNK",2020-02-16,NA,NA,NA,NA,NA,NA,NA,NA,5793636,0,0,0,0,0,0,0,0,0,0,0,0,"DNK","DK",208,"DKK",1,"Denmark",NA,NA,56.26,9.5,NA,"Denmark","DK"
"DNK",2020-02-17,NA,3,NA,NA,NA,NA,NA,NA,5793636,0,0,0,0,0,0,0,0,0,0,0,0,"DNK","DK",208,"DKK",1,"Denmark",NA,NA,56.26,9.5,NA,"Denmark","DK"
"DNK",2020-02-18,NA,5,NA,NA,NA,NA,NA,NA,5793636,0,0,0,0,0,0,0,0,0,0,0,0,"DNK","DK",208,"DKK",1,"Denmark",NA,NA,56.26,9.5,NA,"Denmark","DK"
"DNK",2020-02-19,NA,7,NA,NA,NA,NA,NA,NA,5793636,0,0,0,0,0,0,0,0,0,0,0,0,"DNK","DK",208,"DKK",1,"Denmark",NA,NA,56.26,9.5,NA,"Denmark","DK"
"DNK",2020-02-20,NA,8,NA,NA,NA,NA,NA,NA,5793636,0,0,0,0,0,0,0,0,0,0,0,0,"DNK","DK",208,"DKK",1,"Denmark",NA,NA,56.26,9.5,NA,"Denmark","DK"
"DNK",2020-02-21,NA,NA,NA,NA,NA,NA,NA,NA,5793636,0,0,0,0,0,0,0,0,0,0,0,0,"DNK","DK",208,"DKK",1,"Denmark",NA,NA,56.26,9.5,NA,"Denmark","DK"
"DNK",2020-02-22,NA,9,NA,NA,NA,NA,NA,NA,5793636,0,0,0,0,0,0,0,0,0,0,0,0,"DNK","DK",208,"DKK",1,"Denmark",NA,NA,56.26,9.5,NA,"Denmark","DK"
"DNK",2020-02-23,NA,NA,NA,NA,NA,NA,NA,NA,5793636,0,0,0,0,0,0,0,0,0,0,0,0,"DNK","DK",208,"DKK",1,"Denmark",NA,NA,56.26,9.5,NA,"Denmark","DK"
"DNK",2020-02-24,NA,NA,NA,NA,NA,NA,NA,NA,5793636,0,0,0,0,0,0,0,0,0,0,0,0,"DNK","DK",208,"DKK",1,"Denmark",NA,NA,56.26,9.5,NA,"Denmark","DK"
"DNK",2020-02-25,NA,19,NA,NA,NA,NA,NA,NA,5793636,0,0,0,0,0,0,0,0,0,0,0,0,"DNK","DK",208,"DKK",1,"Denmark",NA,NA,56.26,9.5,NA,"Denmark","DK"
"DNK",2020-02-26,NA,49,NA,NA,NA,NA,NA,NA,5793636,0,0,0,0,0,0,0,0,0,0,0,0,"DNK","DK",208,"DKK",1,"Denmark",NA,NA,56.26,9.5,NA,"Denmark","DK"
"DNK",2020-02-27,NA,158,1,NA,NA,NA,NA,NA,5793636,0,0,0,0,0,0,0,0,2,0,1,11.11,"DNK","DK",208,"DKK",1,"Denmark",NA,NA,56.26,9.5,NA,"Denmark","DK"
"DNK",2020-02-28,NA,220,1,NA,NA,NA,NA,NA,5793636,0,0,0,0,0,0,0,0,2,0,1,11.11,"DNK","DK",208,"DKK",1,"Denmark",NA,NA,56.26,9.5,NA,"Denmark","DK"
"DNK",2020-02-29,NA,294,3,NA,NA,NA,NA,NA,5793636,0,0,0,0,0,0,0,0,2,0,1,11.11,"DNK","DK",208,"DKK",1,"Denmark",NA,NA,56.26,9.5,NA,"Denmark","DK"
"DNK",2020-03-01,NA,343,4,NA,NA,NA,NA,NA,5793636,0,0,0,0,0,0,0,0,2,0,1,11.11,"DNK","DK",208,"DKK",1,"Denmark",NA,NA,56.26,9.5,NA,"Denmark","DK"
"DNK",2020-03-02,NA,423,4,NA,NA,NA,NA,NA,5793636,0,0,0,0,0,0,0,0,2,0,1,11.11,"DNK","DK",208,"DKK",1,"Denmark",NA,NA,56.26,9.5,NA,"Denmark","DK"
"DNK",2020-03-03,NA,486,6,NA,NA,NA,NA,NA,5793636,0,0,0,0,0,1,0,2,2,0,1,20.37,"DNK","DK",208,"DKK",1,"Denmark",NA,NA,56.26,9.5,NA,"Denmark","DK"
"DNK",2020-03-04,NA,574,10,NA,NA,NA,NA,NA,5793636,0,0,0,0,0,1,0,2,2,0,1,20.37,"DNK","DK",208,"DKK",1,"Denmark",NA,NA,56.26,9.5,NA,"Denmark","DK"
"DNK",2020-03-05,NA,683,10,NA,NA,NA,NA,NA,5793636,0,0,0,0,0,1,0,2,2,0,1,20.37,"DNK","DK",208,"DKK",1,"Denmark",NA,NA,56.26,9.5,NA,"Denmark","DK"
"DNK",2020-03-06,NA,810,23,1,NA,NA,NA,NA,5793636,0,0,1,0,0,1,0,2,2,0,1,25.93,"DNK","DK",208,"DKK",1,"Denmark",NA,NA,56.26,9.5,NA,"Denmark","DK"
"DNK",2020-03-07,NA,918,23,1,NA,NA,NA,NA,5793636,0,0,1,0,0,1,0,2,2,0,1,25.93,"DNK","DK",208,"DKK",1,"Denmark",NA,NA,56.26,9.5,NA,"Denmark","DK"
"DNK",2020-03-08,NA,1147,35,1,NA,NA,NA,NA,5793636,0,0,1,0,0,1,0,2,2,0,1,25.93,"DNK","DK",208,"DKK",1,"Denmark",NA,NA,56.26,9.5,NA,"Denmark","DK"
"DNK",2020-03-09,NA,1724,90,1,NA,NA,NA,NA,5793636,0,0,1,0,0,1,0,2,2,0,1,25.93,"DNK","DK",208,"DKK",1,"Denmark",NA,NA,56.26,9.5,NA,"Denmark","DK"
"DNK",2020-03-10,NA,2530,262,1,NA,NA,NA,NA,5793636,0,0,1,0,1,1,0,2,2,0,1,31.48,"DNK","DK",208,"DKK",1,"Denmark",NA,NA,56.26,9.5,NA,"Denmark","DK"
"DNK",2020-03-11,NA,3412,442,1,NA,NA,NA,NA,5793636,0,1,1,0,1,1,0,3,2,1,1,37.96,"DNK","DK",208,"DKK",1,"Denmark",NA,NA,56.26,9.5,NA,"Denmark","DK"
"DNK",2020-03-12,NA,4088,615,1,NA,NA,NA,NA,5793636,0,1,1,0,1,1,0,3,2,1,1,37.96,"DNK","DK",208,"DKK",1,"Denmark",NA,NA,56.26,9.5,NA,"Denmark","DK"
"DNK",2020-03-13,NA,4798,801,1,NA,NA,NA,NA,5793636,3,1,1,3,1,1,1,3,2,1,1,62.96,"DNK","DK",208,"DKK",1,"Denmark",NA,NA,56.26,9.5,NA,"Denmark","DK"
"DNK",2020-03-14,NA,5381,827,1,1,NA,NA,NA,5793636,3,1,1,3,1,1,1,4,2,1,1,65.74,"DNK","DK",208,"DKK",1,"Denmark",NA,NA,56.26,9.5,NA,"Denmark","DK"
"DNK",2020-03-15,NA,6104,864,1,2,NA,NA,NA,5793636,3,1,1,3,1,1,1,4,2,1,1,65.74,"DNK","DK",208,"DKK",1,"Denmark",NA,NA,56.26,9.5,NA,"Denmark","DK"
"DNK",2020-03-16,NA,7120,914,1,3,NA,NA,NA,5793636,3,1,1,3,1,1,1,4,2,1,1,65.74,"DNK","DK",208,"DKK",1,"Denmark",NA,NA,56.26,9.5,NA,"Denmark","DK"
"DNK",2020-03-17,NA,8068,977,1,4,NA,NA,NA,5793636,3,1,1,3,1,1,1,4,2,1,1,65.74,"DNK","DK",208,"DKK",1,"Denmark",NA,NA,56.26,9.5,NA,"Denmark","DK"
"DNK",2020-03-18,NA,9294,1057,1,4,NA,NA,NA,5793636,3,2,1,4,1,1,1,4,2,1,1,72.22,"DNK","DK",208,"DKK",1,"Denmark",NA,NA,56.26,9.5,NA,"Denmark","DK"
"DNK",2020-03-19,NA,11142,1151,1,6,NA,NA,NA,5793636,3,2,1,4,1,1,1,4,2,1,1,72.22,"DNK","DK",208,"DKK",1,"Denmark",NA,NA,56.26,9.5,NA,"Denmark","DK"
"DNK",2020-03-20,NA,12320,1255,1,9,NA,NA,NA,5793636,3,2,1,4,1,1,1,4,2,1,1,72.22,"DNK","DK",208,"DKK",1,"Denmark",NA,NA,56.26,9.5,NA,"Denmark","DK"
"DNK",2020-03-21,NA,12922,1326,1,13,NA,NA,NA,5793636,3,2,1,4,1,1,1,4,2,1,1,72.22,"DNK","DK",208,"DKK",1,"Denmark",NA,NA,56.26,9.5,NA,"Denmark","DK"
"DNK",2020-03-22,NA,13454,1395,1,13,NA,NA,NA,5793636,3,2,1,4,1,1,1,4,2,1,1,72.22,"DNK","DK",208,"DKK",1,"Denmark",NA,NA,56.26,9.5,NA,"Denmark","DK"
"DNK",2020-03-23,NA,14578,1450,1,24,NA,NA,NA,5793636,3,2,1,4,1,1,1,4,2,1,1,72.22,"DNK","DK",208,"DKK",1,"Denmark",NA,NA,56.26,9.5,NA,"Denmark","DK"
"DNK",2020-03-24,NA,15701,1591,1,32,NA,NA,NA,5793636,3,2,1,4,1,1,1,4,2,1,1,72.22,"DNK","DK",208,"DKK",1,"Denmark",NA,NA,56.26,9.5,NA,"Denmark","DK"
"DNK",2020-03-25,NA,17073,1724,1,34,NA,NA,NA,5793636,3,2,1,4,1,1,1,4,2,1,1,72.22,"DNK","DK",208,"DKK",1,"Denmark",NA,NA,56.26,9.5,NA,"Denmark","DK"
"DNK",2020-03-26,NA,18684,1877,1,41,NA,NA,NA,5793636,3,2,1,4,1,1,1,4,2,1,1,72.22,"DNK","DK",208,"DKK",1,"Denmark",NA,NA,56.26,9.5,NA,"Denmark","DK"
"DNK",2020-03-27,NA,20794,2046,1,52,NA,NA,NA,5793636,3,2,1,4,1,1,1,4,2,1,1,72.22,"DNK","DK",208,"DKK",1,"Denmark",NA,NA,56.26,9.5,NA,"Denmark","DK"
"DNK",2020-03-28,NA,22177,2201,1,65,NA,NA,NA,5793636,3,2,1,4,1,1,1,4,2,1,1,72.22,"DNK","DK",208,"DKK",1,"Denmark",NA,NA,56.26,9.5,NA,"Denmark","DK"
"DNK",2020-03-29,NA,23478,2395,1,72,NA,NA,NA,5793636,3,2,1,4,1,1,1,4,2,1,1,72.22,"DNK","DK",208,"DKK",1,"Denmark",NA,NA,56.26,9.5,NA,"Denmark","DK"
"DNK",2020-03-30,NA,26696,2577,1,77,NA,NA,NA,5793636,3,2,1,4,1,1,1,4,2,1,1,72.22,"DNK","DK",208,"DKK",1,"Denmark",NA,NA,56.26,9.5,NA,"Denmark","DK"
"DNK",2020-03-31,NA,29905,2860,1,90,NA,NA,NA,5793636,3,2,1,4,1,1,1,4,2,1,1,72.22,"DNK","DK",208,"DKK",1,"Denmark",NA,NA,56.26,9.5,NA,"Denmark","DK"
"DNK",2020-04-01,NA,33463,3107,894,104,NA,NA,NA,5793636,3,2,1,4,1,1,1,4,2,1,1,72.22,"DNK","DK",208,"DKK",1,"Denmark",NA,NA,56.26,9.5,NA,"Denmark","DK"
"DNK",2020-04-02,NA,39212,3386,1089,123,NA,NA,NA,5793636,3,2,1,4,1,1,1,4,2,1,1,72.22,"DNK","DK",208,"DKK",1,"Denmark",NA,NA,56.26,9.5,NA,"Denmark","DK"
"DNK",2020-04-03,NA,45827,3757,1193,139,NA,NA,NA,5793636,3,2,1,4,1,1,1,4,2,1,1,72.22,"DNK","DK",208,"DKK",1,"Denmark",NA,NA,56.26,9.5,NA,"Denmark","DK"
"DNK",2020-04-04,NA,49512,4077,1283,161,NA,NA,NA,5793636,3,2,1,4,1,1,1,4,2,1,1,72.22,"DNK","DK",208,"DKK",1,"Denmark",NA,NA,56.26,9.5,NA,"Denmark","DK"
"DNK",2020-04-05,NA,51699,4369,1327,179,NA,NA,NA,5793636,3,2,1,4,1,1,1,4,2,1,1,72.22,"DNK","DK",208,"DKK",1,"Denmark",NA,NA,56.26,9.5,NA,"Denmark","DK"
"DNK",2020-04-06,NA,58228,4681,1378,187,NA,NA,NA,5793636,3,2,1,4,1,1,1,4,2,1,1,72.22,"DNK","DK",208,"DKK",1,"Denmark",NA,NA,56.26,9.5,NA,"Denmark","DK"
"DNK",2020-04-07,NA,64579,5071,1491,203,NA,NA,NA,5793636,3,2,1,4,1,1,1,4,2,1,1,72.22,"DNK","DK",208,"DKK",1,"Denmark",NA,NA,56.26,9.5,NA,"Denmark","DK"
"DNK",2020-04-08,NA,70187,5402,1621,218,NA,NA,NA,5793636,3,2,1,4,1,1,1,4,2,1,1,72.22,"DNK","DK",208,"DKK",1,"Denmark",NA,NA,56.26,9.5,NA,"Denmark","DK"
"DNK",2020-04-09,NA,72709,5635,1736,237,NA,NA,NA,5793636,3,2,1,4,1,1,1,4,2,1,1,72.22,"DNK","DK",208,"DKK",1,"Denmark",NA,NA,56.26,9.5,NA,"Denmark","DK"
"DNK",2020-04-10,NA,75012,5819,1773,247,NA,NA,NA,5793636,3,2,1,4,1,1,1,4,2,1,1,72.22,"DNK","DK",208,"DKK",1,"Denmark",NA,NA,56.26,9.5,NA,"Denmark","DK"
"DNK",2020-04-11,NA,77222,5996,1955,260,NA,NA,NA,5793636,3,2,1,4,1,1,1,4,2,1,1,72.22,"DNK","DK",208,"DKK",1,"Denmark",NA,NA,56.26,9.5,NA,"Denmark","DK"
"DNK",2020-04-12,NA,79340,6174,2123,273,NA,NA,NA,5793636,3,2,1,4,1,1,1,4,2,1,1,72.22,"DNK","DK",208,"DKK",1,"Denmark",NA,NA,56.26,9.5,NA,"Denmark","DK"
"DNK",2020-04-13,NA,81469,6318,2235,285,NA,NA,NA,5793636,3,2,1,4,1,1,1,4,2,1,1,72.22,"DNK","DK",208,"DKK",1,"Denmark",NA,NA,56.26,9.5,NA,"Denmark","DK"
"DNK",2020-04-14,NA,87655,6511,2515,299,NA,NA,NA,5793636,3,2,1,4,1,1,1,4,2,1,1,72.22,"DNK","DK",208,"DKK",1,"Denmark",NA,NA,56.26,9.5,NA,"Denmark","DK"
"DNK",2020-04-15,NA,93255,6681,2748,309,NA,NA,NA,5793636,2,2,1,4,1,1,1,4,2,1,1,68.52,"DNK","DK",208,"DKK",1,"Denmark",NA,NA,56.26,9.5,NA,"Denmark","DK"
"DNK",2020-04-16,NA,98554,6879,3023,321,NA,NA,NA,5793636,2,2,1,4,1,1,1,4,2,1,1,68.52,"DNK","DK",208,"DKK",1,"Denmark",NA,NA,56.26,9.5,NA,"Denmark","DK"
"DNK",2020-04-17,NA,103327,7073,3389,336,NA,NA,NA,5793636,2,2,1,4,1,1,1,4,2,1,1,68.52,"DNK","DK",208,"DKK",1,"Denmark",NA,NA,56.26,9.5,NA,"Denmark","DK"
"DNK",2020-04-18,NA,105598,7242,3847,346,NA,NA,NA,5793636,2,2,1,4,1,1,1,4,2,1,1,68.52,"DNK","DK",208,"DKK",1,"Denmark",NA,NA,56.26,9.5,NA,"Denmark","DK"
"DNK",2020-04-19,NA,107458,7384,4141,355,NA,NA,NA,5793636,2,2,1,4,1,1,1,4,2,1,1,68.52,"DNK","DK",208,"DKK",1,"Denmark",NA,NA,56.26,9.5,NA,"Denmark","DK"
"DNK",2020-04-20,NA,114100,7515,4312,364,NA,NA,NA,5793636,2,2,1,4,1,1,1,4,2,2,1,68.52,"DNK","DK",208,"DKK",1,"Denmark",NA,NA,56.26,9.5,NA,"Denmark","DK"
"DNK",2020-04-21,NA,123845,7695,4700,370,NA,NA,NA,5793636,2,2,1,4,1,1,1,4,2,2,1,68.52,"DNK","DK",208,"DKK",1,"Denmark",NA,NA,56.26,9.5,NA,"Denmark","DK"
"DNK",2020-04-22,NA,135425,7912,5087,384,NA,NA,NA,5793636,2,2,1,4,1,1,1,4,2,2,1,68.52,"DNK","DK",208,"DKK",1,"Denmark",NA,NA,56.26,9.5,NA,"Denmark","DK"
"DNK",2020-04-23,NA,147884,8073,5384,394,NA,NA,NA,5793636,2,2,1,4,1,1,1,4,2,2,1,68.52,"DNK","DK",208,"DKK",1,"Denmark",NA,NA,56.26,9.5,NA,"Denmark","DK"
"DNK",2020-04-24,NA,162664,8210,5526,403,NA,NA,NA,5793636,2,2,1,4,1,1,1,4,2,2,1,68.52,"DNK","DK",208,"DKK",1,"Denmark",NA,NA,56.26,9.5,NA,"Denmark","DK"
"DNK",2020-04-25,NA,175079,8445,5669,418,NA,NA,NA,5793636,2,2,1,4,1,1,1,4,2,2,1,68.52,"DNK","DK",208,"DKK",1,"Denmark",NA,NA,56.26,9.5,NA,"Denmark","DK"
"DNK",2020-04-26,NA,185380,8575,5805,422,NA,NA,NA,5793636,2,2,1,4,1,1,1,4,2,2,1,68.52,"DNK","DK",208,"DKK",1,"Denmark",NA,NA,56.26,9.5,NA,"Denmark","DK"
"DNK",2020-04-27,NA,202721,8698,5959,427,NA,NA,NA,5793636,2,2,1,4,1,1,1,4,2,2,1,68.52,"DNK","DK",208,"DKK",1,"Denmark",NA,NA,56.26,9.5,NA,"Denmark","DK"
"DNK",2020-04-28,NA,218983,8851,6121,434,NA,NA,NA,5793636,2,2,1,4,1,1,1,4,2,2,1,68.52,"DNK","DK",208,"DKK",1,"Denmark",NA,NA,56.26,9.5,NA,"Denmark","DK"
"DNK",2020-04-29,NA,235040,9008,6366,443,NA,NA,NA,5793636,2,2,1,4,1,1,1,4,2,2,1,68.52,"DNK","DK",208,"DKK",1,"Denmark",NA,NA,56.26,9.5,NA,"Denmark","DK"
"DNK",2020-04-30,NA,250975,9158,6546,452,NA,NA,NA,5793636,2,2,1,4,1,1,1,4,2,2,1,68.52,"DNK","DK",208,"DKK",1,"Denmark",NA,NA,56.26,9.5,NA,"Denmark","DK"
"DNK",2020-05-01,NA,265407,9311,6729,460,NA,NA,NA,5793636,2,2,1,4,1,1,1,4,2,2,1,68.52,"DNK","DK",208,"DKK",1,"Denmark",NA,NA,56.26,9.5,NA,"Denmark","DK"
"DNK",2020-05-02,NA,276556,9407,6889,475,NA,NA,NA,5793636,2,2,1,4,1,1,1,4,2,2,1,68.52,"DNK","DK",208,"DKK",1,"Denmark",NA,NA,56.26,9.5,NA,"Denmark","DK"
"DNK",2020-05-03,NA,285557,9523,6987,484,NA,NA,NA,5793636,2,2,1,4,1,1,1,4,2,2,1,68.52,"DNK","DK",208,"DKK",1,"Denmark",NA,NA,56.26,9.5,NA,"Denmark","DK"
"DNK",2020-05-04,NA,303387,9670,7088,493,NA,NA,NA,5793636,2,2,1,4,1,1,1,4,2,2,1,68.52,"DNK","DK",208,"DKK",1,"Denmark",NA,NA,56.26,9.5,NA,"Denmark","DK"
"DNK",2020-05-05,NA,319406,9821,7296,503,NA,NA,NA,5793636,2,2,1,4,1,1,1,4,2,2,1,68.52,"DNK","DK",208,"DKK",1,"Denmark",NA,NA,56.26,9.5,NA,"Denmark","DK"
"DNK",2020-05-06,NA,333932,9938,7493,506,NA,NA,NA,5793636,2,2,1,4,1,1,1,4,2,2,1,68.52,"DNK","DK",208,"DKK",1,"Denmark",NA,NA,56.26,9.5,NA,"Denmark","DK"
"DNK",2020-05-07,NA,348346,10083,7711,514,NA,NA,NA,5793636,2,2,1,4,1,1,1,4,2,2,1,68.52,"DNK","DK",208,"DKK",1,"Denmark",NA,NA,56.26,9.5,NA,"Denmark","DK"
"DNK",2020-05-08,NA,356724,10218,7927,522,NA,NA,NA,5793636,2,2,1,3,1,1,1,4,2,2,1,65.74,"DNK","DK",208,"DKK",1,"Denmark",NA,NA,56.26,9.5,NA,"Denmark","DK"
"DNK",2020-05-09,NA,364974,10319,8093,526,NA,NA,NA,5793636,2,2,1,3,1,1,1,4,2,2,1,65.74,"DNK","DK",208,"DKK",1,"Denmark",NA,NA,56.26,9.5,NA,"Denmark","DK"
"DNK",2020-05-10,NA,371667,10429,8217,529,NA,NA,NA,5793636,2,2,1,3,1,1,1,4,2,2,1,65.74,"DNK","DK",208,"DKK",1,"Denmark",NA,NA,56.26,9.5,NA,"Denmark","DK"
"DNK",2020-05-11,NA,388116,10513,8328,533,NA,NA,NA,5793636,2,2,1,3,1,1,1,4,2,2,1,65.74,"DNK","DK",208,"DKK",1,"Denmark",NA,NA,56.26,9.5,NA,"Denmark","DK"
"DNK",2020-05-12,NA,402893,10591,8580,527,NA,NA,NA,5793636,2,2,1,3,1,1,1,4,2,3,1,65.74,"DNK","DK",208,"DKK",1,"Denmark",NA,NA,56.26,9.5,NA,"Denmark","DK"
"DNK",2020-05-13,NA,417605,10667,8663,533,NA,NA,NA,5793636,2,2,1,3,1,1,1,4,2,3,1,65.74,"DNK","DK",208,"DKK",1,"Denmark",NA,NA,56.26,9.5,NA,"Denmark","DK"
"DNK",2020-05-14,NA,430582,10713,8805,537,147,NA,35,5793636,2,2,1,3,1,1,1,4,2,3,1,65.74,"DNK","DK",208,"DKK",1,"Denmark",NA,NA,56.26,9.5,NA,"Denmark","DK"
"DNK",2020-05-15,NA,443232,10791,8959,537,137,NA,32,5793636,2,2,1,3,1,1,1,4,2,3,1,65.74,"DNK","DK",208,"DKK",1,"Denmark",NA,NA,56.26,9.5,NA,"Denmark","DK"
"DNK",2020-05-16,NA,450947,10858,9107,543,140,NA,28,5793636,2,2,1,3,1,1,1,4,2,3,1,65.74,"DNK","DK",208,"DKK",1,"Denmark",NA,NA,56.26,9.5,NA,"Denmark","DK"
"DNK",2020-05-17,NA,458042,10927,9227,547,133,NA,27,5793636,2,2,1,3,1,1,1,4,2,3,1,65.74,"DNK","DK",208,"DKK",1,"Denmark",NA,NA,56.26,9.5,NA,"Denmark","DK"
"DNK",2020-05-18,NA,473304,10968,9301,548,144,NA,26,5793636,2,2,1,3,1,1,1,4,2,3,1,65.74,"DNK","DK",208,"DKK",1,"Denmark",NA,NA,56.26,9.5,NA,"Denmark","DK"
"DNK",2020-05-19,NA,488210,11044,9416,551,141,NA,25,5793636,2,2,1,3,1,1,1,4,2,3,1,65.74,"DNK","DK",208,"DKK",1,"Denmark",NA,NA,56.26,9.5,NA,"Denmark","DK"
"DNK",2020-05-20,NA,502642,11117,9536,554,127,NA,25,5793636,2,2,1,3,1,1,1,4,2,3,1,65.74,"DNK","DK",208,"DKK",1,"Denmark",NA,NA,56.26,9.5,NA,"Denmark","DK"
"DNK",2020-05-21,NA,511147,11182,9643,561,122,NA,23,5793636,2,2,1,3,1,1,1,4,2,3,1,65.74,"DNK","DK",208,"DKK",1,"Denmark",NA,NA,56.26,9.5,NA,"Denmark","DK"
"DNK",2020-05-22,NA,523463,11230,9764,561,119,NA,23,5793636,2,2,1,3,1,1,0,4,2,3,1,60.19,"DNK","DK",208,"DKK",1,"Denmark",NA,NA,56.26,9.5,NA,"Denmark","DK"
"DNK",2020-05-23,NA,532267,11289,9836,561,118,NA,19,5793636,2,2,1,3,1,1,0,4,2,3,1,60.19,"DNK","DK",208,"DKK",1,"Denmark",NA,NA,56.26,9.5,NA,"Denmark","DK"
"DNK",2020-05-24,NA,540954,11360,9900,562,115,NA,21,5793636,2,2,1,3,1,1,0,4,2,3,1,60.19,"DNK","DK",208,"DKK",1,"Denmark",NA,NA,56.26,9.5,NA,"Denmark","DK"
"DNK",2020-05-25,NA,559254,11387,9964,563,116,NA,20,5793636,2,2,1,3,1,1,0,3,2,3,1,57.41,"DNK","DK",208,"DKK",1,"Denmark",NA,NA,56.26,9.5,NA,"Denmark","DK"
"DNK",2020-05-26,NA,575234,11428,10044,563,112,NA,23,5793636,2,2,1,3,1,1,0,3,2,3,1,57.41,"DNK","DK",208,"DKK",1,"Denmark",NA,NA,56.26,9.5,NA,"Denmark","DK"
"DNK",2020-05-27,NA,590015,11480,10106,565,107,NA,22,5793636,2,2,1,3,1,1,0,3,2,3,1,57.41,"DNK","DK",208,"DKK",1,"Denmark",NA,NA,56.26,9.5,NA,"Denmark","DK"
"DNK",2020-05-28,NA,603156,11512,10180,568,110,NA,20,5793636,2,2,1,3,1,1,0,3,2,3,1,57.41,"DNK","DK",208,"DKK",1,"Denmark",NA,NA,56.26,9.5,NA,"Denmark","DK"
"DNK",2020-05-29,NA,614942,11593,10240,568,106,NA,18,5793636,2,2,1,3,1,1,0,3,2,3,1,57.41,"DNK","DK",208,"DKK",1,"Denmark",NA,NA,56.26,9.5,NA,"Denmark","DK"
"DNK",2020-05-30,NA,622123,11633,10327,571,100,NA,20,5793636,2,2,1,3,1,1,0,3,2,3,1,57.41,"DNK","DK",208,"DKK",1,"Denmark",NA,NA,56.26,9.5,NA,"Denmark","DK"
"DNK",2020-05-31,NA,629771,11669,10362,574,98,NA,20,5793636,2,2,1,3,1,1,0,3,2,3,1,57.41,"DNK","DK",208,"DKK",1,"Denmark",NA,NA,56.26,9.5,NA,"Denmark","DK"
"DNK",2020-06-01,NA,638516,11699,10412,576,103,NA,20,5793636,2,2,1,3,1,1,0,3,2,3,1,57.41,"DNK","DK",208,"DKK",1,"Denmark",NA,NA,56.26,9.5,NA,"Denmark","DK"
"DNK",2020-06-02,NA,654067,11734,10489,580,99,NA,21,5793636,2,2,1,3,1,1,0,3,2,3,1,57.41,"DNK","DK",208,"DKK",1,"Denmark",NA,NA,56.26,9.5,NA,"Denmark","DK"
"DNK",2020-06-03,NA,667450,11771,10552,580,100,NA,20,5793636,2,2,1,3,1,1,0,3,2,3,1,57.41,"DNK","DK",208,"DKK",1,"Denmark",NA,NA,56.26,9.5,NA,"Denmark","DK"
"DNK",2020-06-04,NA,679315,11811,10620,582,97,NA,17,5793636,2,2,1,3,1,1,0,3,2,3,1,57.41,"DNK","DK",208,"DKK",1,"Denmark",NA,NA,56.26,9.5,NA,"Denmark","DK"
"DNK",2020-06-05,NA,688994,11875,10653,586,85,NA,17,5793636,2,2,1,3,1,1,0,3,2,3,1,57.41,"DNK","DK",208,"DKK",1,"Denmark",NA,NA,56.26,9.5,NA,"Denmark","DK"
"DNK",2020-06-06,NA,696980,11924,10721,587,81,NA,NA,5793636,2,2,1,3,1,1,0,3,2,3,1,57.41,"DNK","DK",208,"DKK",1,"Denmark",NA,NA,56.26,9.5,NA,"Denmark","DK"
"DNK",2020-06-07,NA,704746,11948,10755,589,75,NA,15,5793636,2,2,1,3,1,1,0,3,2,3,1,57.41,"DNK","DK",208,"DKK",1,"Denmark",NA,NA,56.26,9.5,NA,"Denmark","DK"
"DNK",2020-06-08,NA,721600,11962,10792,593,79,NA,16,5793636,2,2,1,3,1,1,0,3,2,3,1,57.41,"DNK","DK",208,"DKK",1,"Denmark",NA,NA,56.26,9.5,NA,"Denmark","DK"
"DNK",2020-06-09,NA,737261,12001,10849,593,73,NA,15,5793636,2,2,1,3,1,1,0,3,2,3,1,57.41,"DNK","DK",208,"DKK",1,"Denmark",NA,NA,56.26,9.5,NA,"Denmark","DK"
"DNK",2020-06-10,NA,752229,12016,10904,593,17,NA,17,5793636,2,2,1,3,1,1,0,3,2,3,1,57.41,"DNK","DK",208,"DKK",1,"Denmark",NA,NA,56.26,9.5,NA,"Denmark","DK"
"DNK",2020-06-11,NA,766842,12035,10955,593,13,NA,13,5793636,2,2,1,3,1,1,0,3,2,3,1,57.41,"DNK","DK",208,"DKK",1,"Denmark",NA,NA,56.26,9.5,NA,"Denmark","DK"
"DNK",2020-06-12,NA,781723,12099,10993,594,12,NA,12,5793636,2,2,1,3,1,1,0,3,2,3,1,57.41,"DNK","DK",208,"DKK",1,"Denmark",NA,NA,56.26,9.5,NA,"Denmark","DK"
"DNK",2020-06-13,NA,791742,12139,11035,597,9,NA,9,5793636,2,2,1,3,1,1,0,3,2,3,1,57.41,"DNK","DK",208,"DKK",1,"Denmark",NA,NA,56.26,9.5,NA,"Denmark","DK"
"DNK",2020-06-14,NA,800811,12193,11068,597,49,NA,9,5793636,2,2,1,3,1,1,0,3,2,3,1,57.41,"DNK","DK",208,"DKK",1,"Denmark",NA,NA,56.26,9.5,NA,"Denmark","DK"
"DNK",2020-06-15,NA,818537,12217,11090,598,46,NA,9,5793636,2,2,1,3,1,1,0,3,2,3,1,57.41,"DNK","DK",208,"DKK",1,"Denmark",NA,NA,56.26,9.5,NA,"Denmark","DK"
"DNK",2020-06-16,NA,836745,12250,11125,598,43,NA,8,5793636,2,2,1,3,1,1,0,3,2,3,1,57.41,"DNK","DK",208,"DKK",1,"Denmark",NA,NA,56.26,9.5,NA,"Denmark","DK"
"DNK",2020-06-17,NA,855967,12294,11185,598,39,NA,6,5793636,2,2,1,3,1,1,0,3,2,3,1,57.41,"DNK","DK",208,"DKK",1,"Denmark",NA,NA,56.26,9.5,NA,"Denmark","DK"
"DNK",2020-06-18,NA,873478,12344,11242,600,38,NA,6,5793636,2,2,1,3,1,1,0,3,2,3,1,57.41,"DNK","DK",208,"DKK",1,"Denmark",NA,NA,56.26,9.5,NA,"Denmark","DK"
"DNK",2020-06-19,NA,890471,12391,11282,600,37,NA,6,5793636,2,2,1,3,1,1,0,3,2,3,1,57.41,"DNK","DK",208,"DKK",1,"Denmark",NA,NA,56.26,9.5,NA,"Denmark","DK"
"DNK",2020-06-20,NA,902582,12391,11282,600,39,NA,6,5793636,2,2,1,3,1,1,0,3,2,3,1,57.41,"DNK","DK",208,"DKK",1,"Denmark",NA,NA,56.26,9.5,NA,"Denmark","DK"
"DNK",2020-06-21,NA,914011,12391,11282,600,38,NA,6,5793636,2,2,1,3,1,1,0,3,2,3,1,57.41,"DNK","DK",208,"DKK",1,"Denmark",NA,NA,56.26,9.5,NA,"Denmark","DK"
"DNK",2020-06-22,NA,935472,12527,11347,602,37,NA,7,5793636,2,2,1,3,1,1,0,3,2,3,1,57.41,"DNK","DK",208,"DKK",1,"Denmark",NA,NA,56.26,9.5,NA,"Denmark","DK"
"DNK",2020-06-23,NA,956385,12561,11393,603,32,NA,8,5793636,2,2,1,3,1,1,0,3,2,3,1,57.41,"DNK","DK",208,"DKK",1,"Denmark",NA,NA,56.26,9.5,NA,"Denmark","DK"
"DNK",2020-06-24,NA,976460,12615,11422,603,33,NA,8,5793636,2,2,1,3,1,1,0,3,2,3,1,57.41,"DNK","DK",208,"DKK",1,"Denmark",NA,NA,56.26,9.5,NA,"Denmark","DK"
"DNK",2020-06-25,NA,993287,12636,11460,603,36,NA,9,5793636,2,2,1,3,1,1,0,3,2,3,1,57.41,"DNK","DK",208,"DKK",1,"Denmark",NA,NA,56.26,9.5,NA,"Denmark","DK"
"DNK",2020-06-26,NA,1009027,12675,11508,604,31,NA,11,5793636,2,2,1,3,1,1,0,3,2,3,1,57.41,"DNK","DK",208,"DKK",1,"Denmark",NA,NA,56.26,9.5,NA,"Denmark","DK"
"DNK",2020-06-27,NA,1018516,12675,11508,604,NA,NA,NA,5793636,2,2,1,3,1,1,0,3,2,3,1,57.41,"DNK","DK",208,"DKK",1,"Denmark",NA,NA,56.26,9.5,NA,"Denmark","DK"
"DNK",2020-06-28,NA,1027975,12675,11508,604,NA,NA,NA,5793636,2,2,1,3,1,1,0,3,2,3,1,57.41,"DNK","DK",208,"DKK",1,"Denmark",NA,NA,56.26,9.5,NA,"Denmark","DK"
"DNK",2020-06-29,NA,1046697,12751,11612,605,NA,NA,NA,5793636,2,2,1,3,1,1,0,3,2,3,1,57.41,"DNK","DK",208,"DKK",1,"Denmark",NA,NA,56.26,9.5,NA,"Denmark","DK"
"DNK",2020-06-30,NA,1064586,12768,11649,605,NA,NA,NA,5793636,2,2,1,3,1,1,0,3,2,3,1,57.41,"DNK","DK",208,"DKK",1,"Denmark",NA,NA,56.26,9.5,NA,"Denmark","DK"
"DNK",2020-07-01,NA,1082202,12794,11693,606,29,NA,11,5793636,2,2,1,3,1,1,0,3,2,3,1,57.41,"DNK","DK",208,"DKK",1,"Denmark",NA,NA,56.26,9.5,NA,"Denmark","DK"
"DNK",2020-07-02,NA,1097560,12815,11769,606,29,NA,9,5793636,2,2,1,3,1,1,0,3,2,3,1,57.41,"DNK","DK",208,"DKK",1,"Denmark",NA,NA,56.26,9.5,NA,"Denmark","DK"
"DNK",2020-07-03,NA,1111881,12832,11817,606,27,NA,6,5793636,2,2,1,3,1,1,0,3,2,3,1,57.41,"DNK","DK",208,"DKK",1,"Denmark",NA,NA,56.26,9.5,NA,"Denmark","DK"
"DNK",2020-07-04,NA,1121551,12832,11817,606,26,NA,6,5793636,2,2,1,3,1,1,0,3,2,3,1,57.41,"DNK","DK",208,"DKK",1,"Denmark",NA,NA,56.26,9.5,NA,"Denmark","DK"
"DNK",2020-07-05,NA,1131292,12832,11817,606,24,NA,6,5793636,2,2,1,3,1,1,0,3,2,3,1,57.41,"DNK","DK",208,"DKK",1,"Denmark",NA,NA,56.26,9.5,NA,"Denmark","DK"
"DNK",2020-07-06,NA,1149132,12878,11935,607,23,NA,7,5793636,2,2,1,3,1,1,0,3,2,3,1,57.41,"DNK","DK",208,"DKK",1,"Denmark",NA,NA,56.26,9.5,NA,"Denmark","DK"
"DNK",2020-07-07,NA,1165645,12888,11983,609,17,NA,5,5793636,2,2,1,3,1,1,0,3,2,3,1,57.41,"DNK","DK",208,"DKK",1,"Denmark",NA,NA,56.26,9.5,NA,"Denmark","DK"
"DNK",2020-07-08,NA,1181543,12900,12001,609,18,NA,5,5793636,2,2,1,2,1,1,0,3,2,3,1,54.63,"DNK","DK",208,"DKK",1,"Denmark",NA,NA,56.26,9.5,NA,"Denmark","DK"
"DNK",2020-07-09,NA,1195884,12916,12045,609,18,NA,5,5793636,2,2,1,2,1,1,0,3,2,3,1,54.63,"DNK","DK",208,"DKK",1,"Denmark",NA,NA,56.26,9.5,NA,"Denmark","DK"
"DNK",2020-07-10,NA,1210070,12946,12077,609,17,NA,4,5793636,2,2,1,2,1,1,0,3,2,3,1,54.63,"DNK","DK",208,"DKK",1,"Denmark",NA,NA,56.26,9.5,NA,"Denmark","DK"
"DNK",2020-07-11,NA,1219726,12946,12077,609,15,NA,5,5793636,2,2,1,2,1,1,0,3,2,3,1,54.63,"DNK","DK",208,"DKK",1,"Denmark",NA,NA,56.26,9.5,NA,"Denmark","DK"
"DNK",2020-07-12,NA,1228857,12946,12077,609,18,NA,6,5793636,2,2,1,2,1,1,0,3,2,3,1,54.63,"DNK","DK",208,"DKK",1,"Denmark",NA,NA,56.26,9.5,NA,"Denmark","DK"
"DNK",2020-07-13,NA,1247136,13037,12130,610,18,NA,6,5793636,2,2,1,2,1,1,0,3,2,3,1,54.63,"DNK","DK",208,"DKK",1,"Denmark",NA,NA,56.26,9.5,NA,"Denmark","DK"
"DNK",2020-07-14,NA,1263853,13061,12160,610,17,NA,6,5793636,2,2,1,2,1,1,0,3,2,3,1,54.63,"DNK","DK",208,"DKK",1,"Denmark",NA,NA,56.26,9.5,NA,"Denmark","DK"
"DNK",2020-07-15,NA,1280198,13092,12182,610,19,NA,6,5793636,2,2,1,2,1,1,0,3,2,3,1,54.63,"DNK","DK",208,"DKK",1,"Denmark",NA,NA,56.26,9.5,NA,"Denmark","DK"
"DNK",2020-07-16,NA,1295379,13124,12195,610,17,NA,5,5793636,2,2,1,2,1,1,0,3,2,3,1,54.63,"DNK","DK",208,"DKK",1,"Denmark",NA,NA,56.26,9.5,NA,"Denmark","DK"
"DNK",2020-07-17,NA,1309655,13173,12209,611,20,NA,5,5793636,2,2,1,2,1,1,0,3,2,3,1,54.63,"DNK","DK",208,"DKK",1,"Denmark",NA,NA,56.26,9.5,NA,"Denmark","DK"
"DNK",2020-07-18,NA,1320326,13173,12209,611,16,NA,2,5793636,2,2,1,2,1,1,0,3,2,3,1,54.63,"DNK","DK",208,"DKK",1,"Denmark",NA,NA,56.26,9.5,NA,"Denmark","DK"
"DNK",2020-07-19,NA,1331266,13173,12209,611,19,NA,3,5793636,2,2,1,2,1,1,0,3,2,3,1,54.63,"DNK","DK",208,"DKK",1,"Denmark",NA,NA,56.26,9.5,NA,"Denmark","DK"
"DNK",2020-07-20,NA,1349477,13262,12251,611,18,NA,3,5793636,2,2,1,2,1,1,0,3,2,3,1,54.63,"DNK","DK",208,"DKK",1,"Denmark",NA,NA,56.26,9.5,NA,"Denmark","DK"
"DNK",2020-07-21,NA,1366171,13302,12261,611,18,NA,4,5793636,2,2,1,2,1,1,0,3,2,3,1,54.63,"DNK","DK",208,"DKK",1,"Denmark",NA,NA,56.26,9.5,NA,"Denmark","DK"
"DNK",2020-07-22,NA,1382814,13350,12274,611,16,NA,4,5793636,2,2,1,2,1,1,0,3,2,3,1,54.63,"DNK","DK",208,"DKK",1,"Denmark",NA,NA,56.26,9.5,NA,"Denmark","DK"
"DNK",2020-07-23,NA,1398603,13390,12299,612,19,NA,3,5793636,2,2,1,2,1,1,0,3,2,3,1,54.63,"DNK","DK",208,"DKK",1,"Denmark",NA,NA,56.26,9.5,NA,"Denmark","DK"
"DNK",2020-07-24,NA,1414711,13438,12340,613,16,NA,3,5793636,2,2,1,2,1,1,0,3,2,3,1,54.63,"DNK","DK",208,"DKK",1,"Denmark",NA,NA,56.26,9.5,NA,"Denmark","DK"
"DNK",2020-07-25,NA,1426442,13438,12340,613,17,NA,3,5793636,2,2,1,2,1,1,0,3,2,3,1,54.63,"DNK","DK",208,"DKK",1,"Denmark",NA,NA,56.26,9.5,NA,"Denmark","DK"
"DNK",2020-07-26,NA,1439247,13438,12340,613,23,NA,3,5793636,2,2,1,2,1,1,0,3,2,3,1,54.63,"DNK","DK",208,"DKK",1,"Denmark",NA,NA,56.26,9.5,NA,"Denmark","DK"
"DNK",2020-07-27,NA,1459972,13547,12417,613,22,NA,3,5793636,2,2,1,2,1,1,0,3,2,3,1,54.63,"DNK","DK",208,"DKK",1,"Denmark",NA,NA,56.26,9.5,NA,"Denmark","DK"
"DNK",2020-07-28,NA,1480349,13577,12451,613,22,NA,3,5793636,2,2,1,2,1,1,0,3,2,3,1,54.63,"DNK","DK",208,"DKK",1,"Denmark",NA,NA,56.26,9.5,NA,"Denmark","DK"
"DNK",2020-07-29,NA,1500573,13634,12485,614,21,NA,3,5793636,2,2,1,2,1,1,0,3,2,3,1,54.63,"DNK","DK",208,"DKK",1,"Denmark",NA,NA,56.26,9.5,NA,"Denmark","DK"
"DNK",2020-07-30,NA,1521114,13725,12526,615,18,NA,3,5793636,2,2,1,2,1,1,0,3,2,3,1,54.63,"DNK","DK",208,"DKK",1,"Denmark",NA,NA,56.26,9.5,NA,"Denmark","DK"
"DNK",2020-07-31,NA,1541030,13789,12578,615,18,NA,3,5793636,2,2,1,2,1,1,0,3,2,3,1,54.63,"DNK","DK",208,"DKK",1,"Denmark",NA,NA,56.26,9.5,NA,"Denmark","DK"
"DNK",2020-08-01,NA,1555335,13789,12578,615,16,NA,2,5793636,1,2,1,2,1,1,0,3,2,3,1,50.93,"DNK","DK",208,"DKK",1,"Denmark",NA,NA,56.26,9.5,NA,"Denmark","DK"
"DNK",2020-08-02,NA,1571052,13789,12578,615,20,NA,2,5793636,1,2,1,2,1,1,0,3,2,3,1,50.93,"DNK","DK",208,"DKK",1,"Denmark",NA,NA,56.26,9.5,NA,"Denmark","DK"
"DNK",2020-08-03,NA,1594896,13996,12682,616,24,NA,2,5793636,1,2,1,2,1,1,0,3,2,3,1,50.93,"DNK","DK",208,"DKK",1,"Denmark",NA,NA,56.26,9.5,NA,"Denmark","DK"
"DNK",2020-08-04,NA,1619841,14073,12715,616,24,NA,3,5793636,1,2,1,2,1,1,0,3,2,3,1,50.93,"DNK","DK",208,"DKK",1,"Denmark",NA,NA,56.26,9.5,NA,"Denmark","DK"
"DNK",2020-08-05,NA,1644694,14185,12753,616,23,NA,2,5793636,1,2,1,2,1,1,0,3,2,3,1,50.93,"DNK","DK",208,"DKK",1,"Denmark",NA,NA,56.26,9.5,NA,"Denmark","DK"
"DNK",2020-08-06,NA,1671544,14306,12787,617,24,NA,2,5793636,1,2,1,2,1,1,0,3,2,3,1,50.93,"DNK","DK",208,"DKK",1,"Denmark",NA,NA,56.26,9.5,NA,"Denmark","DK"
"DNK",2020-08-07,NA,1698603,14442,12840,617,25,NA,2,5793636,1,2,1,2,1,1,0,3,2,3,1,50.93,"DNK","DK",208,"DKK",1,"Denmark",NA,NA,56.26,9.5,NA,"Denmark","DK"
"DNK",2020-08-08,NA,1719391,14442,12840,617,21,NA,2,5793636,1,2,1,2,1,1,0,3,2,3,1,50.93,"DNK","DK",208,"DKK",1,"Denmark",NA,NA,56.26,9.5,NA,"Denmark","DK"
"DNK",2020-08-09,NA,1740323,14442,12840,617,20,NA,2,5793636,1,2,1,2,1,1,0,3,2,3,1,50.93,"DNK","DK",208,"DKK",1,"Denmark",NA,NA,56.26,9.5,NA,"Denmark","DK"
"DNK",2020-08-10,NA,1771276,14815,12925,620,23,NA,2,5793636,1,2,1,2,1,1,0,3,2,3,1,50.93,"DNK","DK",208,"DKK",1,"Denmark",NA,NA,56.26,9.5,NA,"Denmark","DK"
"DNK",2020-08-11,NA,1804804,14959,12988,621,20,NA,2,5793636,1,2,1,2,1,1,0,3,2,3,1,50.93,"DNK","DK",208,"DKK",1,"Denmark",NA,NA,56.26,9.5,NA,"Denmark","DK"
"DNK",2020-08-12,NA,1839532,15070,13066,621,16,NA,1,5793636,1,2,1,2,1,1,0,3,2,3,1,50.93,"DNK","DK",208,"DKK",1,"Denmark",NA,NA,56.26,9.5,NA,"Denmark","DK"
"DNK",2020-08-13,NA,1873328,15214,13131,621,13,NA,1,5793636,1,2,1,2,1,1,0,3,2,3,1,50.93,"DNK","DK",208,"DKK",1,"Denmark",NA,NA,56.26,9.5,NA,"Denmark","DK"
"DNK",2020-08-14,NA,1905892,15379,13216,621,14,NA,1,5793636,1,2,1,2,1,1,0,3,2,3,1,50.93,"DNK","DK",208,"DKK",1,"Denmark",NA,NA,56.26,9.5,NA,"Denmark","DK"
"DNK",2020-08-15,NA,1931141,15483,13275,621,14,NA,NA,5793636,1,2,1,2,1,1,0,3,2,3,1,50.93,"DNK","DK",208,"DKK",1,"Denmark",NA,NA,56.26,9.5,NA,"Denmark","DK"
"DNK",2020-08-16,NA,1956740,15617,13340,621,12,NA,NA,5793636,1,2,1,2,1,1,0,3,2,3,1,50.93,"DNK","DK",208,"DKK",1,"Denmark",NA,NA,56.26,9.5,NA,"Denmark","DK"
"DNK",2020-08-17,NA,1992320,15740,13417,621,16,NA,1,5793636,1,2,1,2,1,1,0,3,2,3,1,50.93,"DNK","DK",208,"DKK",1,"Denmark",NA,NA,56.26,9.5,NA,"Denmark","DK"
"DNK",2020-08-18,NA,2030197,15855,13529,621,18,NA,1,5793636,1,2,1,2,1,1,0,3,2,3,1,50.93,"DNK","DK",208,"DKK",1,"Denmark",NA,NA,56.26,9.5,NA,"Denmark","DK"
"DNK",2020-08-19,NA,2069263,15940,13651,621,16,NA,1,5793636,1,2,1,2,1,1,0,3,2,3,1,50.93,"DNK","DK",208,"DKK",1,"Denmark",NA,NA,56.26,9.5,NA,"Denmark","DK"
"DNK",2020-08-20,NA,2107276,16056,13769,621,20,NA,1,5793636,1,2,1,2,1,1,0,3,2,3,1,50.93,"DNK","DK",208,"DKK",1,"Denmark",NA,NA,56.26,9.5,NA,"Denmark","DK"
"DNK",2020-08-21,NA,2142985,16127,13944,621,22,NA,1,5793636,1,2,1,2,1,1,0,3,2,3,1,50.93,"DNK","DK",208,"DKK",1,"Denmark",NA,NA,56.26,9.5,NA,"Denmark","DK"
"DNK",2020-08-22,NA,2171621,16239,13944,622,22,NA,1,5793636,1,2,1,2,1,1,0,3,2,3,1,50.93,"DNK","DK",208,"DKK",1,"Denmark",NA,NA,56.26,9.5,NA,"Denmark","DK"
"DNK",2020-08-23,NA,2199182,16317,14180,622,19,NA,2,5793636,1,2,1,2,1,1,0,3,2,3,1,50.93,"DNK","DK",208,"DKK",1,"Denmark",NA,NA,56.26,9.5,NA,"Denmark","DK"
"DNK",2020-08-24,NA,2238519,16397,14310,623,20,NA,3,5793636,1,2,1,2,1,1,0,3,2,3,1,50.93,"DNK","DK",208,"DKK",1,"Denmark",NA,NA,56.26,9.5,NA,"Denmark","DK"
"DNK",2020-08-25,NA,2278332,16480,14465,623,21,NA,3,5793636,1,2,1,2,1,1,0,3,2,3,1,50.93,"DNK","DK",208,"DKK",1,"Denmark",NA,NA,56.26,9.5,NA,"Denmark","DK"
"DNK",2020-08-26,NA,2318387,16537,14603,623,19,NA,3,5793636,1,2,1,2,1,1,0,3,2,3,1,50.93,"DNK","DK",208,"DKK",1,"Denmark",NA,NA,56.26,9.5,NA,"Denmark","DK"
"DNK",2020-08-27,NA,2357063,16627,14763,624,19,NA,2,5793636,1,2,1,2,1,1,0,3,2,3,1,50.93,"DNK","DK",208,"DKK",1,"Denmark",NA,NA,56.26,9.5,NA,"Denmark","DK"
"DNK",2020-08-28,NA,2392493,16700,14877,624,21,NA,2,5793636,1,2,1,2,1,1,0,3,2,3,1,50.93,"DNK","DK",208,"DKK",1,"Denmark",NA,NA,56.26,9.5,NA,"Denmark","DK"
"DNK",2020-08-29,NA,2417678,16779,14989,624,21,NA,4,5793636,1,2,1,2,1,1,0,3,2,3,1,50.93,"DNK","DK",208,"DKK",1,"Denmark",NA,NA,56.26,9.5,NA,"Denmark","DK"
"DNK",2020-08-30,NA,2442923,16891,15116,624,21,NA,4,5793636,1,2,1,2,1,1,0,3,2,3,1,50.93,"DNK","DK",208,"DKK",1,"Denmark",NA,NA,56.26,9.5,NA,"Denmark","DK"
"DNK",2020-08-31,NA,2482559,16985,15205,624,23,NA,4,5793636,1,2,1,2,1,1,0,3,2,3,1,50.93,"DNK","DK",208,"DKK",1,"Denmark",NA,NA,56.26,9.5,NA,"Denmark","DK"
"DNK",2020-09-01,NA,2521768,17084,15300,625,20,NA,4,5793636,1,2,1,2,1,1,0,3,2,3,1,50.93,"DNK","DK",208,"DKK",1,"Denmark",NA,NA,56.26,9.5,NA,"Denmark","DK"
"DNK",2020-09-02,NA,2561784,17195,15413,626,15,NA,4,5793636,1,2,1,2,1,1,0,3,2,3,1,50.93,"DNK","DK",208,"DKK",1,"Denmark",NA,NA,56.26,9.5,NA,"Denmark","DK"
"DNK",2020-09-03,NA,2600588,17374,15499,626,17,NA,3,5793636,1,2,1,2,1,1,0,3,2,3,1,50.93,"DNK","DK",208,"DKK",1,"Denmark",NA,NA,56.26,9.5,NA,"Denmark","DK"
"DNK",2020-09-04,NA,2640727,17547,15586,627,18,NA,3,5793636,1,2,1,2,1,1,0,3,2,3,1,50.93,"DNK","DK",208,"DKK",1,"Denmark",NA,NA,56.26,9.5,NA,"Denmark","DK"
"DNK",2020-09-05,NA,2669337,17736,15671,627,16,NA,3,5793636,1,2,1,2,1,1,0,3,2,3,1,50.93,"DNK","DK",208,"DKK",1,"Denmark",NA,NA,56.26,9.5,NA,"Denmark","DK"
"DNK",2020-09-06,NA,2699090,17883,15760,627,27,NA,4,5793636,1,2,1,2,1,1,0,3,2,3,1,50.93,"DNK","DK",208,"DKK",1,"Denmark",NA,NA,56.26,9.5,NA,"Denmark","DK"
"DNK",2020-09-07,NA,2746903,18113,15833,628,29,NA,3,5793636,1,2,1,2,1,1,0,3,2,3,1,50.93,"DNK","DK",208,"DKK",1,"Denmark",NA,NA,56.26,9.5,NA,"Denmark","DK"
"DNK",2020-09-08,NA,2795234,18356,15907,628,28,NA,3,5793636,1,2,1,2,1,1,0,3,2,3,1,50.93,"DNK","DK",208,"DKK",1,"Denmark",NA,NA,56.26,9.5,NA,"Denmark","DK"
"DNK",2020-09-09,NA,2844058,18607,15990,628,30,NA,5,5793636,1,2,1,3,1,1,0,3,2,3,1,47.69,"DNK","DK",208,"DKK",1,"Denmark",NA,NA,56.26,9.5,NA,"Denmark","DK"
"DNK",2020-09-10,NA,2896206,18924,16069,629,35,NA,5,5793636,1,2,1,3,1,1,0,3,2,3,1,47.69,"DNK","DK",208,"DKK",1,"Denmark",NA,NA,56.26,9.5,NA,"Denmark","DK"
"DNK",2020-09-11,NA,2946780,19216,16139,629,44,NA,7,5793636,1,2,1,3,1,1,0,3,2,3,1,47.69,"DNK","DK",208,"DKK",1,"Denmark",NA,NA,56.26,9.5,NA,"Denmark","DK"
"DNK",2020-09-12,NA,2988125,19557,16247,630,43,NA,4,5793636,1,2,1,3,1,1,0,3,2,3,1,47.69,"DNK","DK",208,"DKK",1,"Denmark",NA,NA,56.26,9.5,NA,"Denmark","DK"
"DNK",2020-09-13,NA,3030022,19890,16333,631,47,NA,4,5793636,1,2,1,3,1,1,0,3,2,3,1,47.69,"DNK","DK",208,"DKK",1,"Denmark",NA,NA,56.26,9.5,NA,"Denmark","DK"
"DNK",2020-09-14,NA,3085758,20237,16437,633,50,NA,4,5793636,1,2,1,3,1,1,0,3,2,3,1,47.69,"DNK","DK",208,"DKK",1,"Denmark",NA,NA,56.26,9.5,NA,"Denmark","DK"
"DNK",2020-09-15,NA,3141908,20571,16557,633,56,NA,3,5793636,1,2,1,3,1,1,0,3,2,3,1,47.69,"DNK","DK",208,"DKK",1,"Denmark",NA,NA,56.26,9.5,NA,"Denmark","DK"
"DNK",2020-09-16,NA,3198585,20571,16557,633,51,NA,2,5793636,1,2,1,3,1,1,0,3,2,3,1,47.69,"DNK","DK",208,"DKK",1,"Denmark",NA,NA,56.26,9.5,NA,"Denmark","DK"
"DNK",2020-09-17,NA,3250600,21393,16918,635,60,NA,3,5793636,1,2,1,3,1,1,0,3,2,3,1,47.69,"DNK","DK",208,"DKK",1,"Denmark",NA,NA,56.26,9.5,NA,"Denmark","DK"
"DNK",2020-09-18,NA,3302100,21847,17110,635,58,NA,3,5793636,1,2,1,3,1,1,0,3,2,3,1,47.69,"DNK","DK",208,"DKK",1,"Denmark",NA,NA,56.26,9.5,NA,"Denmark","DK"
"DNK",2020-09-19,NA,3342140,22436,17316,635,62,NA,4,5793636,1,2,1,3,1,1,0,3,2,3,1,50.93,"DNK","DK",208,"DKK",1,"Denmark",NA,NA,56.26,9.5,NA,"Denmark","DK"
"DNK",2020-09-20,NA,3383108,22905,17514,638,67,NA,9,5793636,1,2,1,3,1,1,0,3,2,3,1,50.93,"DNK","DK",208,"DKK",1,"Denmark",NA,NA,56.26,9.5,NA,"Denmark","DK"
"DNK",2020-09-21,NA,3437252,23323,17738,640,75,NA,12,5793636,1,2,1,3,1,1,0,3,2,3,1,50.93,"DNK","DK",208,"DKK",1,"Denmark",NA,NA,56.26,9.5,NA,"Denmark","DK"
"DNK",2020-09-22,NA,3493864,23799,18035,641,79,NA,14,5793636,1,2,1,3,1,1,0,3,2,3,1,50.93,"DNK","DK",208,"DKK",1,"Denmark",NA,NA,56.26,9.5,NA,"Denmark","DK"
"DNK",2020-09-23,NA,3549407,24357,18359,643,78,NA,15,5793636,1,2,1,3,1,1,0,3,2,3,1,50.93,"DNK","DK",208,"DKK",1,"Denmark",NA,NA,56.26,9.5,NA,"Denmark","DK"
"DNK",2020-09-24,NA,3603301,24916,18646,645,95,NA,14,5793636,1,2,1,3,1,1,0,3,2,3,1,50.93,"DNK","DK",208,"DKK",1,"Denmark",NA,NA,56.26,9.5,NA,"Denmark","DK"
"DNK",2020-09-25,NA,3654845,25594,19010,647,101,NA,16,5793636,1,2,1,3,1,1,0,3,2,3,1,50.93,"DNK","DK",208,"DKK",1,"Denmark",NA,NA,56.26,9.5,NA,"Denmark","DK"
"DNK",2020-09-26,NA,3694431,26213,19350,648,97,NA,17,5793636,1,2,1,3,1,1,0,3,2,3,1,50.93,"DNK","DK",208,"DKK",1,"Denmark",NA,NA,56.26,9.5,NA,"Denmark","DK"
"DNK",2020-09-27,NA,3734027,26637,19650,649,95,NA,17,5793636,1,2,1,3,1,1,0,3,2,3,1,50.93,"DNK","DK",208,"DKK",1,"Denmark",NA,NA,56.26,9.5,NA,"Denmark","DK"
"DNK",2020-09-28,NA,3787961,27072,19942,649,110,NA,17,5793636,1,2,1,3,1,1,0,3,2,3,1,50.93,"DNK","DK",208,"DKK",1,"Denmark",NA,NA,56.26,9.5,NA,"Denmark","DK"
"DNK",2020-09-29,NA,3838661,27464,20320,650,107,NA,15,5793636,1,2,1,3,1,1,0,3,2,3,1,50.93,"DNK","DK",208,"DKK",1,"Denmark",NA,NA,56.26,9.5,NA,"Denmark","DK"
"DNK",2020-09-30,NA,3886349,27998,20754,650,102,NA,15,5793636,1,2,1,3,1,1,0,3,2,3,1,50.93,"DNK","DK",208,"DKK",1,"Denmark",NA,NA,56.26,9.5,NA,"Denmark","DK"
"DNK",2020-10-01,NA,3930828,28396,21309,651,109,NA,15,5793636,1,2,1,3,1,1,0,3,2,3,1,50.93,"DNK","DK",208,"DKK",1,"Denmark",NA,NA,56.26,9.5,NA,"Denmark","DK"
"DNK",2020-10-02,NA,3973944,28932,21824,652,106,NA,13,5793636,1,2,1,3,1,1,0,3,2,3,1,50.93,"DNK","DK",208,"DKK",1,"Denmark",NA,NA,56.26,9.5,NA,"Denmark","DK"
"DNK",2020-10-03,NA,4007551,29302,22297,654,105,NA,17,5793636,1,2,1,3,1,1,0,3,2,3,1,50.93,"DNK","DK",208,"DKK",1,"Denmark",NA,NA,56.26,9.5,NA,"Denmark","DK"
"DNK",2020-10-04,NA,4041498,29680,22716,658,105,NA,18,5793636,1,2,1,3,1,1,0,3,2,3,1,50.93,"DNK","DK",208,"DKK",1,"Denmark",NA,NA,56.26,9.5,NA,"Denmark","DK"
"DNK",2020-10-05,NA,4093882,30057,23122,659,120,NA,17,5793636,1,2,1,3,1,1,0,3,2,3,1,50.93,"DNK","DK",208,"DKK",1,"Denmark",NA,NA,56.26,9.5,NA,"Denmark","DK"
"DNK",2020-10-06,NA,4147456,30379,23655,663,124,NA,15,5793636,1,2,1,3,1,1,0,3,2,3,1,50.93,"DNK","DK",208,"DKK",1,"Denmark",NA,NA,56.26,9.5,NA,"Denmark","DK"
"DNK",2020-10-07,NA,4197506,30710,24240,663,116,NA,15,5793636,1,2,1,3,1,1,0,3,2,3,1,50.93,"DNK","DK",208,"DKK",1,"Denmark",NA,NA,56.26,9.5,NA,"Denmark","DK"
"DNK",2020-10-08,NA,4245272,31156,24899,665,115,NA,17,5793636,1,2,1,3,1,1,0,3,2,3,1,50.93,"DNK","DK",208,"DKK",1,"Denmark",NA,NA,56.26,9.5,NA,"Denmark","DK"
"DNK",2020-10-09,NA,4284894,31638,25502,665,106,NA,18,5793636,1,2,1,3,1,1,0,3,2,3,1,50.93,"DNK","DK",208,"DKK",1,"Denmark",NA,NA,56.26,9.5,NA,"Denmark","DK"
"DNK",2020-10-10,NA,4312085,32082,25987,667,103,NA,20,5793636,1,1,1,2,0,1,0,3,2,3,1,41.67,"DNK","DK",208,"DKK",1,"Denmark",NA,NA,56.26,9.5,NA,"Denmark","DK"
"DNK",2020-10-11,NA,4338852,32422,26380,669,102,NA,19,5793636,1,1,1,2,0,1,0,3,2,3,1,41.67,"DNK","DK",208,"DKK",1,"Denmark",NA,NA,56.26,9.5,NA,"Denmark","DK"
"DNK",2020-10-12,NA,4379304,32811,26741,671,107,NA,19,5793636,1,1,1,2,0,1,0,3,2,3,1,41.67,"DNK","DK",208,"DKK",1,"Denmark",NA,NA,56.26,9.5,NA,"Denmark","DK"
"DNK",2020-10-13,NA,4415554,33101,27225,674,103,NA,19,5793636,1,1,1,2,0,1,0,3,2,3,1,41.67,"DNK","DK",208,"DKK",1,"Denmark",NA,NA,56.26,9.5,NA,"Denmark","DK"
"DNK",2020-10-14,NA,4451417,33593,27680,675,104,NA,17,5793636,1,1,1,2,0,1,0,3,2,3,1,41.67,"DNK","DK",208,"DKK",1,"Denmark",NA,NA,56.26,9.5,NA,"Denmark","DK"
"DNK",2020-10-15,NA,4486666,34023,28118,677,104,NA,17,5793636,1,1,1,2,0,1,0,3,2,3,1,41.67,"DNK","DK",208,"DKK",1,"Denmark",NA,NA,56.26,9.5,NA,"Denmark","DK"
"DNK",2020-10-16,NA,4521394,34441,28551,677,110,NA,16,5793636,1,1,1,2,0,1,0,3,2,3,1,41.67,"DNK","DK",208,"DKK",1,"Denmark",NA,NA,56.26,9.5,NA,"Denmark","DK"
"DNK",2020-10-17,NA,4548427,34941,28917,679,110,NA,16,5793636,1,1,1,2,0,1,0,3,2,3,1,41.67,"DNK","DK",208,"DKK",1,"Denmark",NA,NA,56.26,9.5,NA,"Denmark","DK"
"DNK",2020-10-18,NA,4578694,35392,29255,680,119,NA,17,5793636,1,1,1,2,0,1,0,3,2,3,1,41.67,"DNK","DK",208,"DKK",1,"Denmark",NA,NA,56.26,9.5,NA,"Denmark","DK"
"DNK",2020-10-19,NA,4626889,35844,29562,686,129,NA,18,5793636,1,1,1,2,0,1,0,3,2,3,1,41.67,"DNK","DK",208,"DKK",1,"Denmark",NA,NA,56.26,9.5,NA,"Denmark","DK"
"DNK",2020-10-20,NA,4671392,36373,29998,688,128,NA,15,5793636,1,1,1,2,0,1,0,3,2,3,1,41.67,"DNK","DK",208,"DKK",1,"Denmark",NA,NA,56.26,9.5,NA,"Denmark","DK"
"DNK",2020-10-21,NA,4718816,37003,30432,690,122,NA,16,5793636,0,1,1,3,0,0,0,3,2,3,1,37.04,"DNK","DK",208,"DKK",1,"Denmark",NA,NA,56.26,9.5,NA,"Denmark","DK"
"DNK",2020-10-22,NA,4768312,37763,30877,694,124,NA,17,5793636,0,1,1,3,0,0,0,3,2,3,1,37.04,"DNK","DK",208,"DKK",1,"Denmark",NA,NA,56.26,9.5,NA,"Denmark","DK"
"DNK",2020-10-23,NA,4818732,38622,31295,697,125,NA,18,5793636,0,1,1,3,0,0,0,3,2,3,1,37.04,"DNK","DK",208,"DKK",1,"Denmark",NA,NA,56.26,9.5,NA,"Denmark","DK"
"DNK",2020-10-24,NA,4864517,39411,31701,700,120,NA,17,5793636,0,1,1,3,0,0,0,3,2,3,1,37.04,"DNK","DK",208,"DKK",1,"Denmark",NA,NA,56.26,9.5,NA,"Denmark","DK"
"DNK",2020-10-25,NA,4916443,40356,31985,702,127,NA,18,5793636,0,1,1,3,0,0,0,3,2,3,1,37.04,"DNK","DK",208,"DKK",1,"Denmark",NA,NA,56.26,9.5,NA,"Denmark","DK"
"DNK",2020-10-26,NA,4982358,41412,32237,708,145,NA,17,5793636,0,1,1,4,0,0,0,3,2,3,1,39.81,"DNK","DK",208,"DKK",1,"Denmark",NA,NA,56.26,9.5,NA,"Denmark","DK"
"DNK",2020-10-27,NA,5055440,42157,32697,709,137,NA,19,5793636,0,1,1,4,0,0,0,3,2,3,1,39.81,"DNK","DK",208,"DKK",1,"Denmark",NA,NA,56.26,9.5,NA,"Denmark","DK"
"DNK",2020-10-28,NA,5125547,43174,33126,715,136,NA,18,5793636,0,1,1,4,0,0,0,3,2,3,1,39.81,"DNK","DK",208,"DKK",1,"Denmark",NA,NA,56.26,9.5,NA,"Denmark","DK"
"DNK",2020-10-29,NA,5193254,44034,33601,716,139,NA,17,5793636,0,1,1,4,0,0,0,3,2,3,1,39.81,"DNK","DK",208,"DKK",1,"Denmark",NA,NA,56.26,9.5,NA,"Denmark","DK"
"DNK",2020-10-30,NA,5256989,45225,34052,719,144,NA,17,5793636,0,1,1,4,0,0,0,3,2,3,1,39.81,"DNK","DK",208,"DKK",1,"Denmark",NA,NA,56.26,9.5,NA,"Denmark","DK"
"DNK",2020-10-31,NA,5308188,46351,34523,721,147,NA,19,5793636,0,1,1,4,0,0,0,3,2,3,1,39.81,"DNK","DK",208,"DKK",1,"Denmark",NA,NA,56.26,9.5,NA,"Denmark","DK"
"DNK",2020-11-01,NA,5359927,47299,34959,723,156,NA,19,5793636,0,1,1,4,0,0,0,3,2,3,1,39.81,"DNK","DK",208,"DKK",1,"Denmark",NA,NA,56.26,9.5,NA,"Denmark","DK"
"DNK",2020-11-02,NA,5429806,48241,35411,724,174,NA,23,5793636,0,1,1,4,0,0,0,3,2,3,1,39.81,"DNK","DK",208,"DKK",1,"Denmark",NA,NA,56.26,9.5,NA,"Denmark","DK"
"DNK",2020-11-03,NA,5503305,49594,36111,728,169,NA,22,5793636,0,1,1,4,0,0,0,3,2,3,1,39.81,"DNK","DK",208,"DKK",1,"Denmark",NA,NA,56.26,9.5,NA,"Denmark","DK"
"DNK",2020-11-04,NA,5574575,50530,36892,729,184,NA,24,5793636,0,1,1,4,0,0,0,3,2,3,1,39.81,"DNK","DK",208,"DKK",1,"Denmark",NA,NA,56.26,9.5,NA,"Denmark","DK"
"DNK",2020-11-05,NA,5645691,51753,37756,733,182,NA,24,5793636,0,1,1,4,0,0,0,3,2,3,1,39.81,"DNK","DK",208,"DKK",1,"Denmark",NA,NA,56.26,9.5,NA,"Denmark","DK"
"DNK",2020-11-06,NA,5714829,53180,38627,738,191,NA,23,5793636,0,1,1,4,0,0,0,3,2,3,1,39.81,"DNK","DK",208,"DKK",1,"Denmark",NA,NA,56.26,9.5,NA,"Denmark","DK"
"DNK",2020-11-07,NA,5773818,54230,39490,740,187,NA,29,5793636,0,1,1,4,0,0,0,3,2,3,1,39.81,"DNK","DK",208,"DKK",1,"Denmark",NA,NA,56.26,9.5,NA,"Denmark","DK"
"DNK",2020-11-08,NA,5831967,55121,40305,743,188,NA,30,5793636,0,1,1,4,0,0,0,3,2,3,1,39.81,"DNK","DK",208,"DKK",1,"Denmark",NA,NA,56.26,9.5,NA,"Denmark","DK"
"DNK",2020-11-09,NA,5912921,55892,41232,747,196,NA,33,5793636,2,1,1,4,0,1,1,3,2,3,1,54.63,"DNK","DK",208,"DKK",1,"Denmark",NA,NA,56.26,9.5,NA,"Denmark","DK"
"DNK",2020-11-10,NA,5993419,56958,42249,750,211,NA,33,5793636,2,1,1,4,0,1,1,3,2,3,1,54.63,"DNK","DK",208,"DKK",1,"Denmark",NA,NA,56.26,9.5,NA,"Denmark","DK"
"DNK",2020-11-11,NA,6069479,57952,43483,753,216,NA,40,5793636,2,1,1,4,0,1,1,3,2,3,1,54.63,"DNK","DK",208,"DKK",1,"Denmark",NA,NA,56.26,9.5,NA,"Denmark","DK"
"DNK",2020-11-12,NA,6143534,58963,44693,755,239,NA,44,5793636,2,1,1,4,0,1,1,3,2,3,1,54.63,"DNK","DK",208,"DKK",1,"Denmark",NA,NA,56.26,9.5,NA,"Denmark","DK"
"DNK",2020-11-13,NA,6215378,60000,45705,756,236,NA,40,5793636,2,1,1,4,0,1,1,3,2,3,1,54.63,"DNK","DK",208,"DKK",1,"Denmark",NA,NA,56.26,9.5,NA,"Denmark","DK"
"DNK",2020-11-14,NA,6271475,61078,46774,757,243,NA,41,5793636,2,1,1,4,0,1,1,3,2,3,1,54.63,"DNK","DK",208,"DKK",1,"Denmark",NA,NA,56.26,9.5,NA,"Denmark","DK"
"DNK",2020-11-15,NA,6326715,62136,47747,760,259,NA,45,5793636,2,1,1,4,0,1,1,3,2,3,1,54.63,"DNK","DK",208,"DKK",1,"Denmark",NA,NA,56.26,9.5,NA,"Denmark","DK"
"DNK",2020-11-16,NA,6405642,63331,48696,764,267,NA,44,5793636,2,1,1,4,0,1,1,3,2,3,1,50,"DNK","DK",208,"DKK",1,"Denmark",NA,NA,56.26,9.5,NA,"Denmark","DK"
"DNK",2020-11-17,NA,6487977,64551,49961,768,259,NA,41,5793636,2,1,1,4,0,1,1,3,2,3,1,50,"DNK","DK",208,"DKK",1,"Denmark",NA,NA,56.26,9.5,NA,"Denmark","DK"
"DNK",2020-11-18,NA,6567660,65808,51217,770,248,NA,43,5793636,2,1,1,4,0,1,1,3,2,3,1,50,"DNK","DK",208,"DKK",1,"Denmark",NA,NA,56.26,9.5,NA,"Denmark","DK"
"DNK",2020-11-19,NA,6642813,67105,52445,773,255,NA,41,5793636,1,1,1,4,0,0,0,3,2,3,1,43.52,"DNK","DK",208,"DKK",1,"Denmark",NA,NA,56.26,9.5,NA,"Denmark","DK"
"DNK",2020-11-20,NA,6715169,68362,53470,778,244,NA,39,5793636,1,1,1,4,0,0,0,3,2,3,1,43.52,"DNK","DK",208,"DKK",1,"Denmark",NA,NA,56.26,9.5,NA,"Denmark","DK"
"DNK",2020-11-21,NA,6772823,69635,54436,781,237,NA,40,5793636,1,1,1,4,0,0,0,3,2,3,1,43.52,"DNK","DK",208,"DKK",1,"Denmark",NA,NA,56.26,9.5,NA,"Denmark","DK"
"DNK",2020-11-22,NA,6833772,70485,55274,784,254,NA,39,5793636,1,1,1,4,0,0,0,3,2,3,1,43.52,"DNK","DK",208,"DKK",1,"Denmark",NA,NA,56.26,9.5,NA,"Denmark","DK"
"DNK",2020-11-23,NA,6910774,71654,56032,789,261,NA,41,5793636,1,1,1,4,0,1,0,3,2,3,1,45.37,"DNK","DK",208,"DKK",1,"Denmark",NA,NA,56.26,9.5,NA,"Denmark","DK"
"DNK",2020-11-24,NA,6994151,73021,57075,797,255,NA,40,5793636,1,1,1,4,0,1,0,3,2,3,1,45.37,"DNK","DK",208,"DKK",1,"Denmark",NA,NA,56.26,9.5,NA,"Denmark","DK"
"DNK",2020-11-25,NA,7074046,74204,58148,802,251,NA,42,5793636,1,1,1,4,0,1,0,3,2,3,1,45.37,"DNK","DK",208,"DKK",1,"Denmark",NA,NA,56.26,9.5,NA,"Denmark","DK"
"DNK",2020-11-26,NA,7154046,75395,59250,811,244,NA,42,5793636,1,1,1,4,0,1,0,3,2,3,1,45.37,"DNK","DK",208,"DKK",1,"Denmark",NA,NA,56.26,9.5,NA,"Denmark","DK"
"DNK",2020-11-27,NA,7225887,76718,60312,816,254,NA,46,5793636,1,1,1,4,0,1,0,3,2,3,1,45.37,"DNK","DK",208,"DKK",1,"Denmark",NA,NA,56.26,9.5,NA,"Denmark","DK"
"DNK",2020-11-28,NA,7282416,78354,61461,823,249,NA,42,5793636,1,1,1,4,0,1,0,3,2,3,1,45.37,"DNK","DK",208,"DKK",1,"Denmark",NA,NA,56.26,9.5,NA,"Denmark","DK"
"DNK",2020-11-29,NA,7340450,79352,62514,829,256,NA,43,5793636,1,1,1,4,0,1,0,3,2,3,1,45.37,"DNK","DK",208,"DKK",1,"Denmark",NA,NA,56.26,9.5,NA,"Denmark","DK"
"DNK",2020-11-30,NA,7420703,80481,63515,837,259,NA,44,5793636,1,1,1,4,0,1,0,3,2,3,1,45.37,"DNK","DK",208,"DKK",1,"Denmark",NA,NA,56.26,9.5,NA,"Denmark","DK"
"DNK",2020-12-01,NA,7502964,81949,64757,846,254,NA,38,5793636,1,1,1,4,0,1,0,3,2,3,1,45.37,"DNK","DK",208,"DKK",1,"Denmark",NA,NA,56.26,9.5,NA,"Denmark","DK"
"DNK",2020-12-02,NA,7587270,83535,66086,852,266,NA,36,5793636,1,1,1,4,0,1,0,3,2,3,1,45.37,"DNK","DK",208,"DKK",1,"Denmark",NA,NA,56.26,9.5,NA,"Denmark","DK"
"DNK",2020-12-03,NA,7675367,85140,67416,858,267,NA,38,5793636,1,1,1,4,0,1,0,3,2,3,1,45.37,"DNK","DK",208,"DKK",1,"Denmark",NA,NA,56.26,9.5,NA,"Denmark","DK"
"DNK",2020-12-04,NA,7756895,86743,68632,867,293,NA,40,5793636,1,1,1,4,0,1,0,3,2,3,1,45.37,"DNK","DK",208,"DKK",1,"Denmark",NA,NA,56.26,9.5,NA,"Denmark","DK"
"DNK",2020-12-05,NA,7820190,88858,69869,878,279,NA,39,5793636,1,1,1,4,0,1,0,3,2,3,1,45.37,"DNK","DK",208,"DKK",1,"Denmark",NA,NA,56.26,9.5,NA,"Denmark","DK"
"DNK",2020-12-06,NA,7889253,90603,70876,885,302,NA,42,5793636,1,1,1,4,0,1,0,3,2,3,1,45.37,"DNK","DK",208,"DKK",1,"Denmark",NA,NA,56.26,9.5,NA,"Denmark","DK"
"DNK",2020-12-07,NA,7986943,92649,71882,894,328,NA,43,5793636,1,1,1,4,0,1,0,3,2,3,1,45.37,"DNK","DK",208,"DKK",1,"Denmark",NA,NA,56.26,9.5,NA,"Denmark","DK"
"DNK",2020-12-08,NA,8096785,94799,73052,901,354,NA,42,5793636,1,1,1,4,0,1,0,3,2,3,1,45.37,"DNK","DK",208,"DKK",1,"Denmark",NA,NA,56.26,9.5,NA,"Denmark","DK"
"DNK",2020-12-09,NA,8205768,97357,74367,904,349,NA,39,5793636,2,2,2,4,0,1,0,3,2,3,1,51.85,"DNK","DK",208,"DKK",1,"Denmark",NA,NA,56.26,9.5,NA,"Denmark","DK"
"DNK",2020-12-10,NA,8314638,100489,75664,918,342,NA,40,5793636,2,2,2,4,0,1,0,3,2,3,1,51.85,"DNK","DK",208,"DKK",1,"Denmark",NA,NA,56.26,9.5,NA,"Denmark","DK"
"DNK",2020-12-11,NA,8416084,103564,76927,927,361,NA,48,5793636,2,2,2,4,0,1,0,3,2,3,1,51.85,"DNK","DK",208,"DKK",1,"Denmark",NA,NA,56.26,9.5,NA,"Denmark","DK"
"DNK",2020-12-12,NA,8501373,107116,78236,935,371,NA,54,5793636,2,2,2,4,0,1,0,3,2,3,1,51.85,"DNK","DK",208,"DKK",1,"Denmark",NA,NA,56.26,9.5,NA,"Denmark","DK"
"DNK",2020-12-13,NA,8588082,109758,79394,941,390,NA,58,5793636,2,2,2,4,0,1,0,3,2,3,1,51.85,"DNK","DK",208,"DKK",1,"Denmark",NA,NA,56.26,9.5,NA,"Denmark","DK"
"DNK",2020-12-14,NA,8709458,113095,80564,950,429,NA,61,5793636,2,2,2,4,0,1,0,3,2,3,1,51.85,"DNK","DK",208,"DKK",1,"Denmark",NA,NA,56.26,9.5,NA,"Denmark","DK"
"DNK",2020-12-15,NA,8842968,116087,82099,961,439,NA,68,5793636,2,2,2,4,0,1,0,3,2,3,1,51.85,"DNK","DK",208,"DKK",1,"Denmark",NA,NA,56.26,9.5,NA,"Denmark","DK"
"DNK",2020-12-16,NA,8978479,119779,83801,975,493,NA,68,5793636,2,2,2,4,0,1,0,3,2,3,1,51.85,"DNK","DK",208,"DKK",1,"Denmark",NA,NA,56.26,9.5,NA,"Denmark","DK"
"DNK",2020-12-17,NA,9111215,123813,85662,992,516,NA,76,5793636,2,2,2,4,0,1,0,3,2,3,1,51.85,"DNK","DK",208,"DKK",1,"Denmark",NA,NA,56.26,9.5,NA,"Denmark","DK"
"DNK",2020-12-18,NA,9240410,128321,87560,1007,568,NA,79,5793636,2,2,2,4,0,1,0,3,2,3,1,51.85,"DNK","DK",208,"DKK",1,"Denmark",NA,NA,56.26,9.5,NA,"Denmark","DK"
"DNK",2020-12-19,NA,9355264,131606,89570,1019,606,NA,86,5793636,2,2,2,4,0,1,0,3,2,3,1,51.85,"DNK","DK",208,"DKK",1,"Denmark",NA,NA,56.26,9.5,NA,"Denmark","DK"
"DNK",2020-12-20,NA,9476066,134434,91263,1035,661,NA,87,5793636,2,2,2,4,0,1,0,3,2,3,1,51.85,"DNK","DK",208,"DKK",1,"Denmark",NA,NA,56.26,9.5,NA,"Denmark","DK"
"DNK",2020-12-21,NA,9642563,137632,93214,1053,713,NA,87,5793636,2,2,2,4,0,1,0,3,2,3,1,51.85,"DNK","DK",208,"DKK",1,"Denmark",NA,NA,56.26,9.5,NA,"Denmark","DK"
"DNK",2020-12-22,NA,9804358,140175,95933,1070,723,NA,83,5793636,2,2,2,4,0,1,0,3,2,3,1,51.85,"DNK","DK",208,"DKK",1,"Denmark",NA,NA,56.26,9.5,NA,"Denmark","DK"
"DNK",2020-12-23,NA,9923340,143472,99025,1096,720,NA,91,5793636,2,2,2,4,0,1,0,3,2,3,1,51.85,"DNK","DK",208,"DKK",1,"Denmark",NA,NA,56.26,9.5,NA,"Denmark","DK"
"DNK",2020-12-24,NA,9961749,146341,102184,1114,724,NA,97,5793636,2,2,2,4,0,1,0,3,2,3,1,51.85,"DNK","DK",208,"DKK",1,"Denmark",NA,NA,56.26,9.5,NA,"Denmark","DK"
"DNK",2020-12-25,NA,10000938,149333,105425,1134,726,NA,98,5793636,2,2,2,4,0,1,0,3,2,3,1,51.85,"DNK","DK",208,"DKK",1,"Denmark",NA,NA,56.26,9.5,NA,"Denmark","DK"
"DNK",2020-12-26,NA,10063605,151167,108659,1153,776,NA,96,5793636,2,2,2,4,0,1,0,3,2,3,1,51.85,"DNK","DK",208,"DKK",1,"Denmark",NA,NA,56.26,9.5,NA,"Denmark","DK"
"DNK",2020-12-27,6524,10130666,153347,111718,1174,817,NA,102,5793636,2,2,2,4,0,1,0,3,2,3,1,51.85,"DNK","DK",208,"DKK",1,"Denmark",NA,NA,56.26,9.5,NA,"Denmark","DK"
"DNK",2020-12-28,8511,10242449,155826,114841,1204,872,NA,113,5793636,2,2,2,4,0,1,0,3,2,3,1,51.85,"DNK","DK",208,"DKK",1,"Denmark",NA,NA,56.26,9.5,NA,"Denmark","DK"
"DNK",2020-12-29,17481,10360003,158447,118727,1226,900,NA,128,5793636,2,2,2,4,0,1,0,3,2,3,1,51.85,"DNK","DK",208,"DKK",1,"Denmark",NA,NA,56.26,9.5,NA,"Denmark","DK"
"DNK",2020-12-30,28962,10470789,161230,122954,1256,926,NA,136,5793636,2,2,2,4,0,1,0,3,2,3,1,51.85,"DNK","DK",208,"DKK",1,"Denmark",NA,NA,56.26,9.5,NA,"Denmark","DK"
"DNK",2020-12-31,35167,10505021,163479,127276,1298,879,NA,132,5793636,2,2,2,4,0,1,0,3,2,3,1,51.85,"DNK","DK",208,"DKK",1,"Denmark",NA,NA,56.26,9.5,NA,"Denmark","DK"
"DNK",2021-01-01,37509,10536916,165930,130818,1322,885,NA,129,5793636,2,2,2,4,0,1,0,3,2,3,1,51.85,"DNK","DK",208,"DKK",1,"Denmark",NA,NA,56.26,9.5,NA,"Denmark","DK"
"DNK",2021-01-02,46410,10610097,167541,133889,1345,944,NA,136,5793636,2,2,2,4,0,1,0,3,2,3,1,51.85,"DNK","DK",208,"DKK",1,"Denmark",NA,NA,56.26,9.5,NA,"Denmark","DK"
"DNK",2021-01-03,52436,10675277,168711,136598,1374,937,NA,136,5793636,2,2,2,4,0,1,0,3,2,3,1,51.85,"DNK","DK",208,"DKK",1,"Denmark",NA,NA,56.26,9.5,NA,"Denmark","DK"
"DNK",2021-01-04,54841,10781117,170787,139013,1389,964,NA,140,5793636,3,3,2,4,0,1,0,3,2,3,1,67.59,"DNK","DK",208,"DKK",1,"Denmark",NA,NA,56.26,9.5,NA,"Denmark","DK"
"DNK",2021-01-05,68394,10885996,172779,142057,1420,942,NA,141,5793636,3,3,2,4,0,1,0,3,2,3,1,67.59,"DNK","DK",208,"DKK",1,"Denmark",NA,NA,56.26,9.5,NA,"Denmark","DK"
"DNK",2021-01-06,88225,10982483,174995,144855,1450,886,NA,137,5793636,3,3,2,4,0,1,0,3,2,3,1,67.59,"DNK","DK",208,"DKK",1,"Denmark",NA,NA,56.26,9.5,NA,"Denmark","DK"
"DNK",2021-01-07,105798,11068572,176837,147867,1487,861,NA,134,5793636,3,3,2,4,0,1,0,3,2,3,1,67.59,"DNK","DK",208,"DKK",1,"Denmark",NA,NA,56.26,9.5,NA,"Denmark","DK"
"DNK",2021-01-08,114313,11144710,178497,149346,1517,864,NA,138,5793636,3,3,2,4,0,1,0,3,2,3,1,67.59,"DNK","DK",208,"DKK",1,"Denmark",NA,NA,56.26,9.5,NA,"Denmark","DK"
"DNK",2021-01-09,116215,11198098,180240,150932,1542,833,NA,132,5793636,3,3,2,4,0,1,0,4,2,3,1,70.37,"DNK","DK",208,"DKK",1,"Denmark",NA,NA,56.26,9.5,NA,"Denmark","DK"
"DNK",2021-01-10,117028,11246783,181486,153565,1570,875,NA,138,5793636,3,3,2,4,0,1,0,4,2,3,1,70.37,"DNK","DK",208,"DKK",1,"Denmark",NA,NA,56.26,9.5,NA,"Denmark","DK"
"DNK",2021-01-11,117685,11328773,182725,155713,1597,920,NA,138,5793636,3,3,2,4,0,1,0,4,2,3,1,70.37,"DNK","DK",208,"DKK",1,"Denmark",NA,NA,56.26,9.5,NA,"Denmark","DK"
"DNK",2021-01-12,118147,11414602,183801,158743,1623,917,NA,135,5793636,3,3,2,4,0,1,0,4,2,3,1,70.37,"DNK","DK",208,"DKK",1,"Denmark",NA,NA,56.26,9.5,NA,"Denmark","DK"
"DNK",2021-01-13,130835,11493123,185159,161194,1660,859,NA,137,5793636,3,3,2,4,0,1,0,4,2,3,1,70.37,"DNK","DK",208,"DKK",1,"Denmark",NA,NA,56.26,9.5,NA,"Denmark","DK"
"DNK",2021-01-14,148706,11599650,185159,161194,1660,839,NA,128,5793636,3,3,2,4,0,1,0,4,2,3,1,70.37,"DNK","DK",208,"DKK",1,"Denmark",NA,NA,56.26,9.5,NA,"Denmark","DK"
"DNK",2021-01-15,163888,11699985,187320,165166,1720,792,NA,129,5793636,3,3,2,4,0,1,0,4,2,3,1,70.37,"DNK","DK",208,"DKK",1,"Denmark",NA,NA,56.26,9.5,NA,"Denmark","DK"
"DNK",2021-01-16,168496,11777267,188199,166367,1747,779,NA,137,5793636,3,3,2,4,0,1,0,4,2,3,1,70.37,"DNK","DK",208,"DKK",1,"Denmark",NA,NA,56.26,9.5,NA,"Denmark","DK"
"DNK",2021-01-17,171747,11852433,189088,168379,1775,799,NA,131,5793636,3,3,2,4,0,1,0,4,2,3,1,70.37,"DNK","DK",208,"DKK",1,"Denmark",NA,NA,56.26,9.5,NA,"Denmark","DK"
"DNK",2021-01-18,177766,11963189,189895,170012,1805,817,NA,132,5793636,3,3,2,4,0,1,0,4,2,3,1,70.37,"DNK","DK",208,"DKK",1,"Denmark",NA,NA,56.26,9.5,NA,"Denmark","DK"
"DNK",2021-01-19,182354,12087657,190619,172456,1837,792,NA,132,5793636,3,3,2,4,0,1,0,4,2,3,1,70.37,"DNK","DK",208,"DKK",1,"Denmark",NA,NA,56.26,9.5,NA,"Denmark","DK"
"DNK",2021-01-20,185765,12203840,191505,174374,1872,771,NA,132,5793636,3,3,2,4,0,1,0,4,2,3,1,70.37,"DNK","DK",208,"DKK",1,"Denmark",NA,NA,56.26,9.5,NA,"Denmark","DK"
"DNK",2021-01-21,189661,12330231,192265,176003,1909,745,NA,136,5793636,3,3,2,4,0,1,0,4,2,3,1,70.37,"DNK","DK",208,"DKK",1,"Denmark",NA,NA,56.26,9.5,NA,"Denmark","DK"
"DNK",2021-01-22,196001,12443049,193038,177550,1941,745,NA,130,5793636,3,3,2,4,0,1,0,4,2,3,1,70.37,"DNK","DK",208,"DKK",1,"Denmark",NA,NA,56.26,9.5,NA,"Denmark","DK"
"DNK",2021-01-23,203907,12524752,193917,178967,1969,703,NA,125,5793636,3,3,2,4,0,1,0,4,2,3,1,70.37,"DNK","DK",208,"DKK",1,"Denmark",NA,NA,56.26,9.5,NA,"Denmark","DK"
"DNK",2021-01-24,211116,12604723,194671,180125,1983,725,NA,124,5793636,3,3,2,4,0,1,0,4,2,3,1,70.37,"DNK","DK",208,"DKK",1,"Denmark",NA,NA,56.26,9.5,NA,"Denmark","DK"
"DNK",2021-01-25,213826,12731024,195296,181081,2010,738,NA,123,5793636,3,3,2,4,0,1,0,4,2,3,1,70.37,"DNK","DK",208,"DKK",1,"Denmark",NA,NA,56.26,9.5,NA,"Denmark","DK"
"DNK",2021-01-26,215799,12854386,195948,182420,2030,684,NA,119,5793636,3,3,2,4,0,1,0,4,2,3,1,70.37,"DNK","DK",208,"DKK",1,"Denmark",NA,NA,56.26,9.5,NA,"Denmark","DK"
"DNK",2021-01-27,220386,12971489,196540,183647,2050,666,NA,112,5793636,3,3,2,4,0,1,0,4,2,3,1,70.37,"DNK","DK",208,"DKK",1,"Denmark",NA,NA,56.26,9.5,NA,"Denmark","DK"
"DNK",2021-01-28,228755,13109709,197208,184853,2071,611,NA,113,5793636,3,3,2,4,0,1,0,4,2,3,1,70.37,"DNK","DK",208,"DKK",1,"Denmark",NA,NA,56.26,9.5,NA,"Denmark","DK"
"DNK",2021-01-29,248101,13227121,197664,185769,2084,583,NA,103,5793636,3,3,2,4,0,1,0,4,2,3,1,70.37,"DNK","DK",208,"DKK",1,"Denmark",NA,NA,56.26,9.5,NA,"Denmark","DK"
"DNK",2021-01-30,262360,13310208,198095,186612,2106,541,NA,102,5793636,3,2,2,4,0,1,0,4,2,3,1,66.67,"DNK","DK",208,"DKK",1,"Denmark",NA,NA,56.26,9.5,NA,"Denmark","DK"
"DNK",2021-01-31,275971,13387656,198472,187318,2125,529,NA,97,5793636,3,2,2,4,0,1,0,4,2,3,1,66.67,"DNK","DK",208,"DKK",1,"Denmark",NA,NA,56.26,9.5,NA,"Denmark","DK"
"DNK",2021-02-01,284608,13513996,198960,187967,2145,NA,NA,NA,5793636,3,2,2,4,0,1,0,4,2,3,1,66.67,"DNK","DK",208,"DKK",1,"Denmark",NA,NA,56.26,9.5,NA,"Denmark","DK"
"DNK",2021-02-02,289703,13631985,199357,188873,2160,NA,NA,NA,5793636,3,2,2,4,0,1,0,4,2,3,1,66.67,"DNK","DK",208,"DKK",1,"Denmark",NA,NA,56.26,9.5,NA,"Denmark","DK"
"DNK",2021-02-03,297450,13746342,199782,189770,2170,NA,NA,NA,5793636,3,2,2,4,0,1,0,4,2,3,1,66.67,"DNK","DK",208,"DKK",1,"Denmark",NA,NA,56.26,9.5,NA,"Denmark","DK"
"DNK",2021-02-04,309772,13893458,200335,190549,2184,NA,NA,NA,5793636,3,2,2,4,0,1,0,4,2,3,1,66.67,"DNK","DK",208,"DKK",1,"Denmark",NA,NA,56.26,9.5,NA,"Denmark","DK"
"DNK",2021-02-05,324800,14025022,200773,191399,2201,NA,NA,NA,5793636,3,2,2,4,0,1,0,4,2,3,1,66.67,"DNK","DK",208,"DKK",1,"Denmark",NA,NA,56.26,9.5,NA,"Denmark","DK"
"DNK",2021-02-06,332391,14116133,201186,192104,2215,NA,NA,NA,5793636,3,2,2,4,0,1,0,4,2,3,1,66.67,"DNK","DK",208,"DKK",1,"Denmark",NA,NA,56.26,9.5,NA,"Denmark","DK"
"DNK",2021-02-07,337929,14194952,201621,192695,2216,NA,NA,NA,5793636,NA,NA,NA,NA,NA,NA,NA,4,NA,NA,NA,66.67,"DNK","DK",208,"DKK",1,"Denmark",NA,NA,56.26,9.5,NA,"Denmark","DK"
"DNK",2021-02-08,347397,14317662,202051,193202,2216,NA,NA,NA,5793636,NA,NA,NA,NA,NA,NA,NA,4,NA,NA,NA,66.67,"DNK","DK",208,"DKK",1,"Denmark",NA,NA,56.26,9.5,NA,"Denmark","DK"
"DNK",2021-02-09,355593,14342582,202417,193917,2244,NA,NA,NA,5793636,NA,NA,NA,NA,NA,NA,NA,NA,NA,NA,NA,66.67,"DNK","DK",208,"DKK",1,"Denmark",NA,NA,56.26,9.5,NA,"Denmark","DK"
"DNK",2021-02-10,NA,NA,202887,194601,2255,NA,NA,NA,5793636,NA,NA,NA,NA,NA,NA,NA,NA,NA,NA,NA,66.67,"DNK","DK",208,"DKK",1,"Denmark",NA,NA,56.26,9.5,NA,"Denmark","DK"
